,author,content,score,time
0,Armenia Jones,He probably can slow it down,0,2020-03-10T21:16:01.000Z
1,Armenia Jones,They use marijuana for everything else,0,2020-03-10T21:15:51.000Z
2,Armenia Jones,Maybe they should use marijuana,0,2020-03-10T21:15:23.000Z
3,Marussel Pernites,I don't believe this viruses occur naturally.  I think they're man made and are being spread to depopulate the earth.  They would increase the mortality rate of these viruses in the years to come.  The beginning of the end.,0,2020-03-03T19:50:48.000Z
4,Whites heating & air & appliance repair,Is North Korea infected? Was this created to damage the stock market?,0,2020-03-03T06:23:19.000Z
5,Darling Demi,I’m in Missouri I think I should be find I mean my moms a nurse so .....yeah,0,2020-02-29T16:52:33.000Z
6,OrangeJuice Ye,If the purge happens bcd of this idk,0,2020-02-29T11:23:17.000Z
7,Jean Sooter,It makes me sick because I'm seeing where this is going and what's going on.President Trump should shut all where borders flights everything shut them down,0,2020-02-29T04:04:45.000Z
8,Jean Sooter,Cuz the u.s. is allowing people to come into our countryrelationship airlines everything down who cares they lose millions how many Americans have lost millions you can't even hardly live anymore cost of living,0,2020-02-29T04:03:48.000Z
9,Jean Sooter,Oh my God they need to stop all airlines and everybody come into our country or trying to go out or whatever what's is crazy,0,2020-02-29T03:59:13.000Z
10,Jean Sooter,No I should be able to travel abroad or coming to our country,0,2020-02-29T03:57:26.000Z
11,Amanda Lawsonbaggs,great story,0,2020-02-29T01:26:04.000Z
12,Se A,"The Chinese eating habit must change.They must stop eating donkey, dog, sneak...........!!!! OMG!!! What kind of culture is that. They must stop eating this kind of food. Now the result is this deadly virus.",0,2020-02-29T00:55:10.000Z
13,Tina Shay,"Even if there is liver damage from Fenben, Your Liver can repair itself!",0,2020-02-28T22:42:11.000Z
14,MaybeTheBest,"I can honestly say I have never seen a fat, healthy looking person, at death's door with cancer.",0,2020-02-28T19:38:46.000Z
15,SonicTurboTurtle,6:55 obvious deceptive editing cutting him off like that. What did he say afterwards?,0,2020-02-28T19:00:12.000Z
16,Lisa Kaye,Is this China's warfare? I think it would be one of the things that China has created to use as part of  the country's weapons. Something must have gone wrong for them. Now what? China needs to tell the truth & figure what the hell to do now. Instead of hiding the truth of how this came about . Honesty does not kill.,0,2020-02-28T18:40:45.000Z
17,O G,How did the virus get to Sahara tho??,0,2020-02-28T18:36:55.000Z
18,Jay Inquisitive,Denver Airport's Murals,0,2020-02-28T17:57:43.000Z
19,Lynda Faye,"Go to Agenda Free TV-Steve READS the top news as it comes in to us, updated numbers etc. NAT news cast anchors are too busy combing their hair and fixing their makeup to INFORM US ADEQUATELY---All are at least 24 hrs., up to 2 days behind! So is the W.H.O  what ???",0,2020-02-28T17:25:12.000Z
20,Bill Ratliff,Idiots like those Canadians still going to Italy just for a school trip will spread it..Selfish idiots..,0,2020-02-28T15:33:22.000Z
21,Craig Luchin,"If you are a Christian, then these verses are for you, ""And I heard another voice from heaven, saying, Come out of her, my people, that ye be not partakers of her sins, and that ye receive not of her plagues. For her sins have reached unto heaven, and God hath remembered her iniquities."" If you are not, ""Therefore let all the house of Israel know assuredly, that God hath made that same Jesus, whom ye have crucified, both Lord and Christ. Now when they heard this, they were pricked in their heart, and said unto Peter and to the rest of the apostles, Men and brethren, what shall we do? 38 Then Peter said unto them, Repent, and be baptized every one of you in the name of Jesus Christ for the remission of sins, and ye shall receive the gift of the Holy Ghost. For the promise is unto you, and to your children, and to all that are afar off, even as many as the Lord our God shall call. And with many other words did he testify and exhort, saying, Save yourselves from this untoward generation. Then they that gladly received his word were baptized: and the same day there were added unto them about three thousand souls.""",0,2020-02-28T15:13:49.000Z
22,Dennis Hoffmann,Corona  Virus live map  @t,0,2020-02-28T10:35:04.000Z
23,BacKYard sKy,"How could he be seeating like that and then stan by podium...
It kind of looked staged..... pun intended",0,2020-02-28T08:03:44.000Z
24,von Jimmy,If it hit New York City.... Its all over folks,0,2020-02-28T07:40:56.000Z
25,TheSheeple people,STOP people TRAVELING already.,0,2020-02-28T07:15:41.000Z
26,Misty Johnson,"Ok they saying its flu like , and it last two weeks , well flu its people  in different  ways , see they not say  if gets worse at night ,cause the real flu  makes you feel bad all day  , the flu like only gets worse at night and day time you feel good .to really keep from spreading cover up when you cough , wash your hands , stay home , take sambucol black  elderberry  cold&flu relief  ,  and cough meds and lot of fluids and eat cause you have to feed it like our great mamaw say you got to feed your cold , and don't go out unless you really need to and most of all don't go to the hospital  unless your running a fewer cause hospital 's got more germs in there  from people  who really sick , some dr.'s say let run it course .",0,2020-02-28T03:56:01.000Z
27,Brendan Koh,"Anamike , Since YOU KNOW Which Table ( s ) In China Has $ , can you Please 🙏Tell Me Which One (s ) ?
I Will Travel To China Immediately As Soon As The Covid-19 IS OVER 
😯 🤑",0,2020-02-28T03:39:37.000Z
28,徐一凡,Please prepare a buy a lot of food,0,2020-02-28T01:57:21.000Z
29,徐一凡,They had confirmed  a patient  in Montreal in canada ain Verdun Hospital  case .,0,2020-02-28T01:56:31.000Z
30,acajudi100,No time to travel.,0,2020-02-28T01:36:39.000Z
31,Mindy McIntosh,Italy should not let those students in....if we are too stupid to stop them from going!,0,2020-02-28T00:51:48.000Z
32,Spirit CrossWind,Where the Hell is Bill Gates.,0,2020-02-27T23:55:58.000Z
33,Sheep Tru,"I looked up and saw a horse whose color was pale green. 

Its rider was named 

*Death,* and 

his companion was 

the *Grave.*

These *(two)* were given 

*AUTHORITY* 

OVER 

ONE-FOURTH 

of the earth,

● to kill 

*with* 

•the sword and 
•famine and 
•disease and 
•wild animals.

Revelation 6:8",0,2020-02-27T23:07:10.000Z
34,Sheep Tru,AIRBORN BIO WEAPON!,0,2020-02-27T23:07:00.000Z
35,Nicholas Thien,The spreading of COVID 19 is not the virus but the stupidity of people's who still insisting to travel to high outbreak virus,0,2020-02-27T21:59:35.000Z
36,Melinda Flores,Wash them hands with hot water an soap weaking the virus germs 👍,0,2020-02-27T21:57:07.000Z
37,SwatsRus,The United States news blocking the comments on main news channels .. and live comments,0,2020-02-27T21:37:10.000Z
38,Bobbie Jean,Please everybody in the USA stay in your country 🙏 thank you. This disease is no joke just seen a man laying on the sidewalk died from the outbreak real maybe this is one of the plagues of God,0,2020-02-27T21:04:10.000Z
39,Susan Auger,They're saying a chest scan is better than the blood test,0,2020-02-27T20:26:52.000Z
40,Jessica Hicking,This whole thing could also catapult us into a major global depression . think about all of the economic loss if this continues for any length of time!! NO COUNTRY IS READY!!,0,2020-02-27T20:11:50.000Z
41,Jessica Hicking,There was a news broadcast that mentioned a woman in her forties who was already treated for Coronavirus got retested and is still testing positive! I wonder if this virus stays in you like other viruses do? hopefully you're still not contagious... the virus is evolving right now & mutating. There's also another case of someone that isn't tied to someone else infecting him doesn't meet the criteria! The world is not prepared for a major deadly virus!!,0,2020-02-27T20:08:18.000Z
42,V Star,"Everyone is going way overboard on this.  Check the WHO stats for 2019/20. How many people have not only been infected by influenza, but how many have died from it. Then check the stats for the Corona virus for that same period.  Influence hits us every year.  Why no panic?  More people die from the flu than this virus. People need to chill.",0,2020-02-27T20:01:36.000Z
43,DAKAR LION,GOOD THE END IS HERE  NOW JUST WAITING ON THE RFID CHIP TO BE MADE MANDATORY THEN THE END COMES TIRED OF THIS WICKED WORLD BUT NOBODY WANTS TO BELIEVE IN THE BIBLE . HM YALL WILL BELIEVE NOW WANT YOU GOOD RIDDANCE TO AMERICA,0,2020-02-27T18:32:27.000Z
44,Karm G,Why worry about the economic impact of taking it seriously if when it hits it does worse economic damage...,1,2020-02-27T18:17:32.000Z
45,Shithead,Of course none of you ever stopped to think that maybe the American democrats are working with the Chinese communists to exaggerate a minor flu outbreak to cause the world stock markets to fall so they could blame Trump during an election year? Remember...this is the American democratic party. Nothing is beyond them.,0,2020-02-27T18:16:01.000Z
46,Brendan Koh,"Sure Dawn , i'm  🙏 for everyone ,
Especially those in Wuhan , in hospitals - patients , doctors and care givers .",0,2020-02-27T15:57:39.000Z
47,CSXRockford,Let this be a lesson to stop depending on China for everything you depend on.  get back to making your own goods in your own country.,0,2020-02-27T14:20:33.000Z
48,dunky dog,Look up 5g relation to corna,0,2020-02-27T14:12:58.000Z
49,Al Ward,IS ANYONE CHECKING PEOPLE COMING OFF OF COMMERCIAL SHIPPING OR JUST TOUR SHIPS FOR THE CORONAVIRUS ?,1,2020-02-27T14:04:45.000Z
50,The Flying Dutchman,Ahh globalism.,0,2020-02-27T13:41:43.000Z
51,david jones,"If you keep on travailing you just might get the virus! 
THEY SURE DON'T WANT TO STOP THOSE AIR FLIGHTS! THEY MIGHT NOT GET PAID! GET REAL PEOPLE! GREED RULES THIS PLANET!!!",2,2020-02-27T13:36:40.000Z
52,tredigi,Destroy COMMUNISM!!!,0,2020-02-27T13:25:46.000Z
53,Saanichton Ministries,Canada is too worried about political correctness than safety.,0,2020-02-27T13:17:46.000Z
54,Lisa-Marie Keogh,"This SO CALLED VIRUS..... Where people are being detained along with Planes and Ships..... But here I am STILL GETTING MY CHINA POST FROM AMAZON AND HAVE BEEN FOR THE PAST 8 WEEKS!!!!.... 😂😂😂😂 You sheep really believe EVERYTHING THE T.V, Media, And Government tell you!! 🤪",0,2020-02-27T11:25:02.000Z
55,Carmen Langland,"The plague, people need stop do bad things, God is good he tiered the humans not listen. 🙏🙏",0,2020-02-27T11:11:51.000Z
56,Wayne Arnold,After breaking the law they should be arrested and charged but the rcmp opp should not restrict reporting reporters must have full access,0,2020-02-27T10:51:47.000Z
57,tony rebello,Shut all borders now,0,2020-02-27T10:01:45.000Z
58,Tokyo Ghoul,Plague Inc.. Seems pretty Accurate lol,0,2020-02-27T07:31:37.000Z
59,Scorpion,"China, should be punished for what they did to the world.",0,2020-02-27T06:55:10.000Z
60,"Lori Anne Schmerler, PA",How foolish is NB allowing the visit to Italy,0,2020-02-27T06:40:09.000Z
61,Rudy Gray,Another new strain of the seasonal flu virus where children and old people can die. Another day. What else is new?  Next.,0,2020-02-27T06:37:20.000Z
62,Ali Hassen,Global news are bunch of idiots. Breaking news people Dying from Coronavirus and spreading everywhere. Breaking news we one Stanley cup cheers and drinking,0,2020-02-27T06:17:10.000Z
63,Russell Fitzgerald,Trudeau doesn't know what to do. He is   completely inexperienced and should not be our prime minister. Get someone that will do something about it please....,0,2020-02-27T05:38:56.000Z
64,Brad Parker,The WHO now decides its time to react two weeks ago they were sucking up to XI Jing Ping. They could have done something earlier and did nothing.,0,2020-02-27T05:35:31.000Z
65,breckandy,"Don't walk, Run!",0,2020-02-27T05:30:26.000Z
66,nartron3000,Bill Gates is throwing a depop party 🎊,0,2020-02-27T05:08:15.000Z
67,ART DECO,"AMERICA IS PLAYING DOWN ,THEIR BIO/DEFENSE.INDUSTRY ,COULD HAVE STARTED THIS VIRUS,WUHAN IS NOT THE MAIKER OF THIS VIRUS,HOW DID IT GET THERE //QUESTIONS ??",0,2020-02-27T05:08:08.000Z
68,Big Bertha,"Patty Hajdu.....you may have the title of Health Minister, but you know absolutely nothing about this virus.  You have not familiarized yourself with international information on the virus.  ""Not many cases in Canada"".....you should change that to not many KNOWN cases.....considering it has an up to 24 days contagious incubation period.
Canadians are a very robust people who never practice running to the doctor for the sniffles or cough, we head to the pharmacy to load up on over the counter helps.  By the time we are too sick, we will have infected many around us.  
Most of us have been diligent to educate ourselves with information from Infectious disease doctors internationally and international news coverage on the matter.....instead of the negligent Canadian government news babble.
Because the news in Canada has been shrouded in negligence and non transparency in reporting, the most vulnerable among us have not been given the opportunity to adequately prepare.  
Healthcare workers on the frontline in China with full hazmat gear have been contracting this virus and even dying.  With the lack of protective masks in Canada....what will the vulnerable public do?
Why must you learn from experience and not global observation?
Well maybe class action lawsuits from the surviving families regarding the death of their vulnerable loved ones could prove to be the valuable life lesson experience you need.",0,2020-02-27T04:51:57.000Z
69,KrisD1313,"Why does the government keep paying the natives? Shouldn't they have, since the first payment, put that money towards the future?  They get NEW homes all the time, new vehicles, free University educations (that they hardly ever use), and incredible tax savings!

My family wasn't even here that long ago, and yet our taxes keep going toward paying each successive generation again, and again, and again, and again? Maybe, just maybe, we should just stop???",0,2020-02-27T04:42:46.000Z
70,RPM,iran minister don't look to good😨😱😓,1,2020-02-27T04:23:12.000Z
71,Vernon Bobo,This outbreak is literally the exact same plot as the movie contagion  to the T,0,2020-02-27T04:18:19.000Z
72,Adam Williams,"Off topic I know... but... the images of Venice, Italy... all were actually Milan.",0,2020-02-27T04:16:25.000Z
73,Randy Ben,16th Native? Ur Native! Can't take the native out. You feel Native. You is. Do ur Warrior Cry. Feel the Love. The beloved truckers need jobs anyways. Be Proud. Mother Earth asks for your help.,0,2020-02-27T03:53:01.000Z
74,Melissa Knight,First they say “don’t panic there’s nothing to worry about” and NOW that it’s down to the wire in all countries worldwide they say “oh you need to be prepared and  mind sets have to change”. SMDH all of our countries leadership are IDIOTS ! It’s all of us common citizens that work hard and pay our taxes that will suffer 🤬😡 ALL of us are cursed with idiots leading our home countries 🤬 we are being jerked around and not given the bottom line on things here in the U.S. also 🇺🇸,0,2020-02-27T03:46:05.000Z
75,Kevin N,"Be very careful when using a public restrooms, they are moist areas for the virus to thrive.",0,2020-02-27T03:18:22.000Z
76,Kevin N,Everyone around the world should already be in 30-60 days quarantine.,0,2020-02-27T03:15:23.000Z
77,flipgurujn,I hope Rush Limbaugh catches the coronavirus. That nut should just die already.,0,2020-02-27T03:12:23.000Z
78,Kalashnikov613,Wait a second i must of missed something! Did i just hear that theres students going on a trip to Italy with everything happening? Mannnn!!! You either dont understand it or youre just stupid and dont care,0,2020-02-27T03:10:29.000Z
79,Jesse Meyer,Stop letting people in. Period.,0,2020-02-27T01:59:54.000Z
80,Alyanorno10785,"With the way this virus has already influenced the economy, I’m bewildered that there hasn’t been more urgency in rectifying the current rail transportation issue that Canada is dealing with. There are over 60 tankers and freight ships lined up outside of the port of Vancouver right now because the trains aren’t running. I have noticed that certain supplies in stores are already starting to dwindle. Panic aside, this is a very troubling compounding issue.",0,2020-02-27T01:42:15.000Z
81,Cristina Lexy Reef Tank,Borders open from 6 months ago resulting in coronavirus contaminating the 🌏whole planet?,1,2020-02-27T01:24:40.000Z
82,starmanstriker,"“Things may be escalating, were controlled”. Okay, so throwing burning tired, fire on the tracks, throwing debris on tracks, and throwing stones at trains, is not escalating things?
Good luck with peaceful dismantling. Our police will keep it peaceful with law! No one is exempt from law!",1,2020-02-27T01:17:32.000Z
83,sir agoy agay,If u travel ull gonna get it genius u dont even know u have it,1,2020-02-27T01:13:04.000Z
84,Shon Moody,Hmm...how convenient that the worst and probably close to 2  worst outbreaks our are 2 greatest enemies.  Iran and China what do you think?  Inquiring mind wants to know.,1,2020-02-27T00:45:26.000Z
85,UpsideDown World,"I get it now. We're simply being prevented from travelling or escaping from the looney asylum prison, as this airborne virus has wings to fly so to chase you across the globalist-globe!
...""l rebuke you, ""demonic virus"" in jesus christ mighty name!",0,2020-02-27T00:20:19.000Z
86,Walter Schwartz,Sounds like it can be come a pandemic,1,2020-02-27T00:16:46.000Z
87,Allie Wonders,"WHO week 1: ""it is just a flu""
WHO month 1: ""its a flu, calm down, don't stop traveling/going on with your lives""
WHO month 2: ""We're f*cked, we have not done enough to stop this""

.....",3,2020-02-27T00:15:27.000Z
88,x1v160,How many Corona virus patients have you killed? How many healthy people have you killed? WHY???,0,2020-02-26T23:37:28.000Z
89,Shaq Kobe,bat soup,0,2020-02-26T23:18:09.000Z
90,Michelle Q Freedom,"Why does this report not mention that our govs have done NOTHING and  NOT stopped flights coming here from China.  They have not done anything to prevent the spread here.  People have flown in and and gone into cities with no self 
Quarantine enforcement.  Now I hear from my Chinese friend in Vancouver that people are coming from South Korea as fast as came from China.  Our BC  gov been totally negligent and if many get sick and die they should be held responsible.   They clearly do not care about us .  Sickening. 
Colloidal silver is your best bet to prevent getting sick and spray it too.  The Chinese are spraying it in hospitals.
Get prepared to stay at home for a month or two maybe longer.  The lack of supplies in stores will be very visible soon.  
There could be massive economic problems over this too.",0,2020-02-26T22:36:57.000Z
91,Cuba Bound,Guess preparing/stocking up for an earthquake has some added benefits.,0,2020-02-26T22:15:42.000Z
92,Candystrap,"What about the low income families who will have a hard time preparing with extra food? This is worrisome. I think it will hit Canada, because there doesn’t seem to be a sure way to contain this thing. I’m trying not to worry, but I watch the updates everyday, and it seems so grim.",0,2020-02-26T22:04:51.000Z
93,Squishy Watchbee,"Hello?  Cancel your trip to Italy.  Going to places that are hot beds for this virus and then bring it back to your own country, should be considered some kind of negligent homicide.  Take some responsibility for your own actions.",0,2020-02-26T21:19:05.000Z
94,K George,"IT'S NOT WASH YOUR HAND ,,,,YOU NEED TO DRY YOUR HANDS  THE VIRUS IS LESS LIKELY TO STICK TO CLEAN........DRY ...............HANDS        PLEASE PASS THIS ON",0,2020-02-26T21:12:22.000Z
95,TheyCallMeNobody,"What a change from calling us all fear mongers,bigots and conspiracy theorists.
Guess what? We still don't trust a word that comes from these snakes in government.
When they say ""don't panic,its nothing"" it means panic! When they finally get around to warning us,it's already too late. Thanks a lot Ottawa...",0,2020-02-26T20:35:08.000Z
96,TheyCallMeNobody,"What a change from calling us all fear mongers,bigots and conspiracy theorists.
Guess what? We still don't trust a word that comes from these snakes in government.
When they say ""don't panic,its nothing"" it means panic! When they finally get around to warning us,it's already too late. Thanks a lot Ottawa...",0,2020-02-26T20:34:59.000Z
97,Monkey Kiss,They where released? Really!  They should have been executed and thrown in a fire pit.,0,2020-02-26T20:29:37.000Z
98,Dave Heyman,Clown Show,0,2020-02-26T20:07:24.000Z
99,jasong428,Globalism does not help anybody.,0,2020-02-26T19:34:50.000Z
