,author,content,score,time
0,Chuck Barnett,"If the coronavirus comes in contact with toxic Masculinity it can become extremely lethal to strong independent women. Protect them by refusing to help, and remind them: they don't need a Man.",0,2020-03-21T15:18:33.000Z
1,Michele Simko,John Q. Public. Has he said anything yet?,0,2020-03-08T18:19:59.000Z
2,Chistoph,"Y’all do know that the flu has killed more people this year than this bs virus right , I mean if you don’t have any immune issues you’ll be fine. But you all let the media keep scaring you.",0,2020-03-07T12:57:09.000Z
3,skelly2011211,I mean the testing could be down because people are severely quarantined. Security has been steadily tightened,0,2020-03-04T21:36:15.000Z
4,skelly2011211,He just got off the plane from China that’s why he’s sitting solo lol,1,2020-03-04T21:20:20.000Z
5,HOH,I've photographed the video and the comments. If they take this video down or shut off comments I will post the proof!!  By the way I have 10 years of CDC experience and I worked on a cruise ship where ur leadership was nothing less than appalling!,0,2020-03-04T02:23:00.000Z
6,HOH,"How about a priority list for families, in order of priority, like must have, good to have, if u have the funds etc. what they should stock up on.",0,2020-03-04T01:44:35.000Z
7,HOH,"What advice are u giving people, practically nothing!  Tell them to avoid public toilets it is aerosolized 200 m if someone has diarrhea. Tell them to put the lid down then flush.  Tell them to cook all their vegetables. How about telling them to use their cellphone thru a plastic baggy, use one card, no cash.  China is spraying their cash.  What are the long term effects from spraying virucidal chemicals???",0,2020-03-04T01:28:45.000Z
8,HOH,"Idiots!  This is the third time I've watched and they are still having audio problems.  Don't trust ur life 2 people who can't even get audio right.  Yeah, he should of been wearing a mask, but they can't because there are not enough for Joe civilian.  He was in China he should of been wearing a mask incubation up to 27 days!!!  And there is post illness shedding for 10 days!!",0,2020-03-04T01:15:23.000Z
9,Chris Davison,"We need to setting up, special isolation buildings, equipted with respirators. Now",0,2020-03-03T15:21:21.000Z
10,Chris Davison,"We need to setting up, special isolation buildings, equipted with respirators. Now",0,2020-03-03T15:21:21.000Z
11,Chris Davison,"We need to setting up, special isolation buildings, equipted with respirators. Now",0,2020-03-03T15:21:21.000Z
12,Chris Davison,"We need to setting up, special isolation buildings, equipted with respirators. Now",0,2020-03-03T15:21:21.000Z
13,Chris Davison,"We need to setting up, special isolation buildings, equipted with respirators. Now",0,2020-03-03T15:21:21.000Z
14,Chris Davison,"We need to setting up, special isolation buildings, equipted with respirators. Now",0,2020-03-03T15:21:21.000Z
15,down under,"THIS WOULD HAVE TO BE ONE OF THE MOST SICKENING EXAMPLES OF THE WHO SYCOPHANTIC DIALOGUES ON  CHINA  I HAVE EVER SEEN. DONT WASTE YOU TIME ON WATCHING THIS, IT GIVES NO REAL INFOMATION ON THE VIRUS EXCEPT TO STATE IT WAS LUCKY IT STARTED IN CHINA, AND HOW FANTASTIC THE CCP IS.",0,2020-03-03T14:09:13.000Z
16,Anthony Rodriguez,Can I get a drink of a Corona,0,2020-03-03T08:24:09.000Z
17,Seth Pomeroy,The WHO is no longer a reputable organization. They are only a CCP propaganda wing.,0,2020-03-02T21:31:34.000Z
18,Mapoleng Ndengwa,🤣😂🤣😂🤣😂🤣😂🤣😂🤣,0,2020-03-02T20:48:42.000Z
19,Gemini’s Wayward bound,"We’re done, hope you’ll  had a great life 😀🙏🏼 to the world we need them",1,2020-03-02T08:55:25.000Z
20,Gary Simone,Thêse guys are scary get to the point  already,0,2020-03-02T04:49:11.000Z
21,Aison,"In China, the government is working hard to get people to do virus testing and treatment，Virus testing, treatment, care, beds, food and ambulances are all free，The patient pays zero for it，Even more incredible, after the Chinese shiyan city people fever，If they take the initiative to do a virus test，Not only do they not have to pay, the government also rewards them with 1,000 ¥，In Qianjiang, China, people will get a reward of 10,000 ¥ if they report a fever case to the government.....Very proactive！But in contrast...Many countries are not actively testing for the virus，It is difficult for patients to apply for testing qualification，Testing costs are also very expensive....In this situation, it is inevitable that a large number of people will not be detected.There are many signs that they are doing it on purpose.There will be no confirmed cases without testing，The epidemic is not serious without a confirmed case，Governments do n’t have to block cities to isolate viruses，So the economy and stocks will not collapse，Capitalists will be very happy..Even if people get a new virus and die, they are considered to have died from the flu..Capital is the boss in the capitalist countries.The interest of capital always prevails，The life and health of ordinary people is not important.",0,2020-03-02T02:36:48.000Z
22,Ben Gunn,We're in the internet age - this incompetence is being recorded for all of time.,8,2020-02-27T12:45:54.000Z
23,G Mac,"Those who are puzzled over all the negative attitudes towards China, we have to remember that the fear is really about 5G, Huawei, and Communism in a  time where the US has Bernie Sanders and the UK just had Brexit. Politics is driving this hatred so I don't think it's really racism. China's communist ""success"" is very threatening to some groups. Don't let the nay sayers get to you. When this virus brings the rest of the world to it's knees, they will see and be impressed with what it means to overcome this challenge.",3,2020-02-27T04:46:44.000Z
24,sv1201,Why wasn't he put in quarantine after returning from China? Why is he not wearing a mask?,0,2020-02-27T04:13:00.000Z
25,Thor Haakon Sandberg,"CHINA: Great beast nr nine = 666. 
-------------------------------------------------------
Coronavirus (China): Beast nr nine = 1776.
Coronavirus: Dark Thor Haakon = 1776. 
Viruses of dark angel Thor Haakon = 1776. 

XI JINPING (CHINA): Dark Beast Thor Haakon = 1776.
----------------------------------------------------------
UN SNAKE: King nr nine = 666. 
Dont hide from king nr nine = 666.",0,2020-02-27T00:47:57.000Z
26,Kotono Hayama,"People are really afraid, especially in europe since their governments are usually left and huge fans of a policy of open borders. :<",2,2020-02-26T22:29:58.000Z
27,mick park,A spin doctor with a tell,0,2020-02-26T19:53:19.000Z
28,sandra burke,Where? Where? WHERE DO YOU BUY MORE TIME? I WISH TO KNOW!!,0,2020-02-26T17:36:31.000Z
29,sandra burke,"They SPEND MORE TIME WITH Introductions & Thank yous then telling us the Information.
****FORGET THE FORMALITIES ALREADY****",8,2020-02-26T17:35:40.000Z
30,Lost Planet need be free,"We have been threatened& harassedon utube, on lots of channels for 3 yrs,..in lots of languages mostly English & Russian..& harassed by World leaders 4yrs, still going on.. Everyday.. Threats, inappropriate content, prn, etc..we even have threat harass playlist! Check it out
Lots deleted recently
Even Chinese threatened us before corona outbreak! 
These terrorists wanted to get us sick with corona virus!! They destroyed our health.!. We hardly have proper teeth!! They attack us EVERY WHERE!!",0,2020-02-26T15:39:59.000Z
31,Lost Planet need be free,"Corona outbreak is DISTRACTION for WORLD LEADER CYBERSTALKING MESS IN IRAN !! These horrible politicians got people sick on purpose!! How come nothing in Russia?! Ir,my father, & his Russian Iranian drug dealer trafficking terrorist gang in Iran, put our lives In  danger to get STUFF from rich famous powerful ALL over the World🌏..Trump Obama,Putin started with ir,UN included!! Muslim & non Muslim involved!! Shameful",0,2020-02-26T15:37:49.000Z
32,Joey Hodapp,His graphs haha i think when he starts to lose track of what he is talking bout he refers to his graphs... uh uh uh look at this chart here,0,2020-02-26T15:28:45.000Z
33,kidd villa-pal,Looks like this guy just got released from a quarantine.,0,2020-02-26T14:39:31.000Z
34,zhmz888,I am proud that humanity come in to shape of today when WHO is trying to spread the message and experience to the rest of world..and help those who need...,2,2020-02-26T14:04:21.000Z
35,Liz Gichora,Thank you very much.,0,2020-02-26T13:58:21.000Z
36,cock blocker,WHY WERE ALL MY COMMENTS FROM YESTERDAY REMOVED???,0,2020-02-26T13:30:00.000Z
37,Andrew K Fletcher,"14:40 the people behind those welded doors are not being cooperative, they are being forced into quarantine!",0,2020-02-26T13:12:21.000Z
38,Kelly Ruivivar,Why do I feel like he was snowed over - they have all these empty beds? Goes against everything else we have seen - he didn’t see anyone being dragged out of their home because they have a fever? I think they cleaned house for his visit - yes should have visited some crematoriums for sure,0,2020-02-26T13:08:01.000Z
39,John Fuller,"Thank you WHO, we love you and are truly grateful",1,2020-02-26T12:04:14.000Z
40,Emwee vorster,China should be hold responsible for any deaths!,0,2020-02-26T09:59:12.000Z
41,哈哈哈,"Hi, foreign friends, I am a Chinese student. I saw many remarks from those who don' t believe what the spokesman said. I am sorry, but it's true 100%. I am glad that this gentleman told the truth. For those who don't believe China, please go to China and see the Chinese society in person and then judge by yourself.and you will find the news from western media is mostly wrong and misleading.",11,2020-02-26T09:00:56.000Z
42,bigman806,Why was he not allowed to continue,0,2020-02-26T08:47:22.000Z
43,Joan Aggas,Thanks communists! You murdered 200 million people last century and now you're going for more mass death! When will the communist CURSE leave this Earth?,0,2020-02-26T07:19:56.000Z
44,Ben Coles,Good job China. Good job United Nations team.,8,2020-02-26T07:02:12.000Z
45,Mr2TIMOTHY4V2,WHY IS THERE A LINK REFERENCED 2019/08/06 in BING SEARCH leading to CDC site stating WUHAN CORONA VIRUS outbreak being monitored. Was this REALLY ALREADY BEING MONITORED IN AUGUST 2019 is that why a coronavirus simulation was already run in Oct 2019??,3,2020-02-26T06:33:13.000Z
46,Mr2TIMOTHY4V2,WHY IS THERE A LINK REFERENCED 2019/08/06 in BING SEARCH leading to CDC site stating WUHAN CORONA VIRUS outbreak being monitored. Was this REALLY ALREADY BEING MONITORED IN AUGUST 2019 is that why a coronavirus simulation was already run in Oct 2019??,1,2020-02-26T06:33:07.000Z
47,Mr2TIMOTHY4V2,WHY IS THERE A LINK REFERENCED 2019/08/06 in BING SEARCH leading to CDC site stating WUHAN CORONA VIRUS outbreak being monitored. Was this REALLY ALREADY BEING MONITORED IN AUGUST 2019 is that why a coronavirus simulation was already run in Oct 2019??,0,2020-02-26T06:33:02.000Z
48,Mr2TIMOTHY4V2,WHY IS THERE A LINK REFERENCED 2019/08/06 in BING SEARCH leading to CDC site stating WUHAN CORONA VIRUS outbreak being monitored. Was this REALLY ALREADY BEING MONITORED IN AUGUST 2019 is that why a coronavirus simulation was already run in Oct 2019??,0,2020-02-26T06:32:57.000Z
49,Mr2TIMOTHY4V2,Will the Club of Rome still be kissing their Black Peter Idol  ( aka Jupiter aka Satan) now that the virus is headed their way????,1,2020-02-26T06:31:38.000Z
50,Mr2TIMOTHY4V2,Shame on you UN for having head honcho Marxist Teddy helping out in the  flattery Chinese communism,0,2020-02-26T06:30:26.000Z
51,Mr2TIMOTHY4V2,WHO = Wuhan Hidden Outbreak,1,2020-02-26T06:29:08.000Z
52,Mr2TIMOTHY4V2,"Doctor Bruce do you have a pig human hybrid brain transplant since you seem to be rolling around in the mud of lies?
Why is Teddy so quiet on the pigs that were destroyed in China prior to this outbreak is he still eating his bacon and eggs in his Geneva hotel ?
""Meat from pigs infected with the new H1N1 virus shouldn't be used for human
consumption, the World Health Organization cautioned on Wednesday, adding it was
drawing up guidelines to protect workers handling pigs""  2009 WHO. So what have they been doing for the last 11 years or so?",0,2020-02-26T06:28:54.000Z
53,Philip Cheung,WHO where when what how?,0,2020-02-26T06:16:49.000Z
54,Jesse Fang,"Thank you Doctor Aylward for your expertise epidemiology investigation.
find in United Nation website: A Canadian physician and epidemiologist by training, Dr Aylward is the author of over 100 peer-reviewed scientific articles and book chapters. He received his medical training in Canada, the London School of Hygiene and Tropical Medicine and the Johns Hopkins School of Public Health.",1,2020-02-26T05:58:43.000Z
55,Kerinski,Why do I get the feeling he's sugarcoating this?,0,2020-02-26T04:40:24.000Z
56,Haneoo Hamoan,A lot of hate in these comments... 👎🏾👎🏾,2,2020-02-26T04:21:21.000Z
57,NBaimf,U.N. And W.H.O. And all forms of the destructive global government need to step down and stop attacting Humanity.,3,2020-02-26T03:27:45.000Z
58,Kim Fenech,Your comments. Why are you all so mean? That’s for those leaving messages.,5,2020-02-26T02:18:42.000Z
59,Justin Liu,Thank you United Nations!,7,2020-02-26T02:17:22.000Z
60,Jason Rexter,WHO at this point of time are a bad joke take nothing they say seriously they are more of a problem than help in fighting this disease.,4,2020-02-26T01:53:52.000Z
61,Sheeple are Lame,"The hypocrisy of UN ""pretending"" to care about 1 virus, while millions of people die every year, for being too poor to pay for healthcare is nauseating <<< NWO PUPPETS",1,2020-02-26T01:35:46.000Z
62,Izat Yassin,"Apparently they are burning people alive now. I dont know if its true but


https://www.youtube.com/watch?v=Et5cUowd25o",0,2020-02-26T01:30:08.000Z
63,The Missing Piece,As an audio professional please clean the feedback loop up its not professional and shows disorganised production and your crew should be embarrassed it's an easy fix. I am very thankful for the bright minds at work here but this is impacting the flow of your team and presentations of findings each and every day,4,2020-02-25T23:34:17.000Z
64,JeepCherokeeful,First question is from CGTN? How fitting,1,2020-02-25T23:16:29.000Z
65,JeepCherokeeful,"Good, with him and her getting treated in China that will free up two beds for the rest of us. Thanks!",0,2020-02-25T23:13:04.000Z
66,Teresa Baker,"You can make apology ""sorry, my hand may""  ""excuse my hand may not be clean enough""",0,2020-02-25T23:12:33.000Z
67,JeepCherokeeful,Hope to see you on a weekly basis for a worldwide update,0,2020-02-25T23:10:40.000Z
68,Teresa Baker,Bring a damp cloth to sanitizer or wash,0,2020-02-25T23:10:10.000Z
69,Teresa Baker,Hand sanitizer,0,2020-02-25T23:09:37.000Z
70,Teresa Baker,Hand wash,0,2020-02-25T23:09:24.000Z
71,Teresa Baker,Easy to clean,0,2020-02-25T23:09:09.000Z
72,Teresa Baker,You know when you have used your hand,0,2020-02-25T23:08:56.000Z
73,Teresa Baker,*Not clothing*,0,2020-02-25T23:08:24.000Z
74,JeepCherokeeful,"320,000 tested, wow they must have amazing lab capacity!",3,2020-02-25T23:08:11.000Z
75,Teresa Baker,*Hand :coughing and or sneezing *,0,2020-02-25T23:08:06.000Z
76,JeepCherokeeful,His guy would buy oceanfront property in Arizona,5,2020-02-25T22:58:47.000Z
77,JeepCherokeeful,Ventilators aren’t delivered in carry on luggage,0,2020-02-25T22:53:30.000Z
78,JeepCherokeeful,"Oh sars, such an example",0,2020-02-25T22:45:46.000Z
79,JeepCherokeeful,Visiting a crematorium in Wuhan might have been enlightening,7,2020-02-25T22:40:53.000Z
80,JeepCherokeeful,Starvation is definitely effective,1,2020-02-25T22:36:35.000Z
81,77Big7WiN5neR22,biological weapon,3,2020-02-25T22:34:54.000Z
82,David Motyka,It’s spreading and no one can stop it.,5,2020-02-25T22:25:44.000Z
83,ace edwards,"Felt so much better listening to this Expert. Seemed human, warm, open and knowledgeable a are far cry from the constant "" window of opportunity"" vague nonsense from Dr Tedros.",0,2020-02-25T22:09:48.000Z
84,Ace J,WHO is one of China government departments. Joke and funny.,7,2020-02-25T22:07:08.000Z
85,phani sastry,Shame to see you addressing on global stage. Horrible guys,0,2020-02-25T21:33:06.000Z
86,Kimberly Barnum,Tedros Must RESIGN immediately!!!!!!!!!,4,2020-02-25T21:32:57.000Z
87,phani sastry,Lier's and characterless  bunch of joker's are these WHO  guys,11,2020-02-25T21:31:58.000Z
88,DJS Squibbs,🙄,0,2020-02-25T21:17:09.000Z
89,LeLocle,"Tedros must resign!  Add you name to the petition at ""Change dot o r g"".",8,2020-02-25T21:15:18.000Z
90,Teresa Baker,So you Spanish prostitutes from Rome and the homosexual goal,0,2020-02-25T20:15:24.000Z
91,Teresa Baker,That is to complex to try to communicate!!,0,2020-02-25T20:12:46.000Z
92,Teresa Baker,The possible addition bait or pellets after considering because of fleas rodent ect in walls,1,2020-02-25T20:12:04.000Z
93,Teresa Baker,The costs the availability the ability to produce while the world tries to contain this FOOLS!,0,2020-02-25T20:10:12.000Z
94,Rain Dance,And I thought I would play Bannerlord,0,2020-02-25T20:08:32.000Z
95,Teresa Baker,The shortages of mask is why the comments. Surgical mask,0,2020-02-25T20:08:25.000Z
96,Dan Smith,"Thanks for deleting my comment, didn’t know I was living in China!",5,2020-02-25T20:05:15.000Z
97,Rune Jensen,"And he laughs when he lies ""And the hospitals are actually modern hospitals"" hEhEhE. Modern hospital in a week, and here they take 5 years. wow gosh, how crazy how good they must be.",20,2020-02-25T20:04:07.000Z
98,peter Fonnesbech,""" Just continue to travel and trade"". (That is the best way to spread the decease). 
Wrong advice from the beginning . 
How could you !",24,2020-02-25T19:55:46.000Z
99,Rune Jensen,and you got pictures/videos which you will share right?,6,2020-02-25T19:44:32.000Z
