,author,content,score,time
0,True North Strong and Free,".Tedros and his Canadian sidekick, Dr. Aylward need to be fired from their positions at WHO. Both of them have their heads stuck so far up Emperor Xi’s rear it’s not even funny! What a pair of  brown noses!",0,2020-04-09T08:19:26.000Z
1,NetTubeUser,42:28 -- Riiigth ... suuure... (cringe moment).,0,2020-04-07T11:57:17.000Z
2,Kumato Dan,"He’s a criminal for sure, helping the evil CCP coverups their crimes",0,2020-04-03T07:18:57.000Z
3,K. Ganesan Ganesan,China is commerlising Coronoviruses equipment  tools.,0,2020-03-20T23:47:17.000Z
4,K. Ganesan Ganesan,Introduce herbal tea in meetings. Liver and lungs are activated.,0,2020-03-20T23:40:15.000Z
5,K. Ganesan Ganesan,Treat planet as one No mention of countries.,0,2020-03-20T23:35:07.000Z
6,K. Ganesan Ganesan,Eatly evidences  might have been destroyed. Trace traces for  scientific truth.,0,2020-03-20T23:30:07.000Z
7,K. Ganesan Ganesan,Introduce herbal tea,0,2020-03-20T23:25:31.000Z
8,K. Ganesan Ganesan,Don't rely Chinese news,0,2020-03-20T23:22:04.000Z
9,Lin Jannifer,"COVIR-19、Wuhan Pneumonia should be named as China Pneumonia
China Output Virus In December-2019 → COVID-19",0,2020-03-11T14:56:03.000Z
10,alzheimer Mer,"Tedros Adhanom looks like an idiot, talks like an idiot, so = an idiot!",0,2020-03-09T11:22:22.000Z
11,Swans down River,"Your organization should be dissolved you are so incompetent. Tedros is a crook. He brings shame to Ethiopia
🖕🏿👨🏿‍🦲🖕🏿",0,2020-02-26T10:43:20.000Z
12,Pc Chain,"Chinese fascism, having succeeded in destroying the whole world, this biological weapon has denounced China's hideousness.",2,2020-02-24T14:47:23.000Z
13,Teresa J,Tedros Adhanom should take part of the responsibility for virus spreading so badly. Because too many countries believe what he said and then take the actions too late !!!,6,2020-02-24T04:06:27.000Z
14,LeLocle,"Tedros must resign.  Add your name to the petition at ""Change dot o r g"".",0,2020-02-21T19:17:56.000Z
15,Phương Dung,How much money do you get in China? Tedros Adhanom,1,2020-02-21T13:23:24.000Z
16,awesome lee,"Tedros Adhanom Ghebreyesus why don't you move to Wu Han to help those patients since you feel China is safe now, obviously tell the lie.",3,2020-02-19T13:33:49.000Z
17,awesome lee,"譚德塞 
你這坨屎 
要找到比你更草菅人命的官 
只有中共",0,2020-02-19T13:30:53.000Z
18,I G,"WHO is a media suit that is to mask the dying in China. Chinese health authorities quickly isolated the virus' genetic sequence and shared it on a public database in a matter of weeks, ""they said"", giving scientists a chance to identify it. China already had the genetic sequence because their the ones that made it. Wake up China. Don't let your government get away with this. Fight! All governments are part of this 2030 agenda.",0,2020-02-16T14:03:28.000Z
19,jhc6608,34:59 They can't answer because the numbers don't make sense. Both thinking it's made up but how do we rephrase the answer so they'll stop questioning?,0,2020-02-16T06:29:29.000Z
20,jhc6608,Is WHO transparent with how their monetary funds/goods are allocated and distributed? Which countries get exactly what and how much??,0,2020-02-16T06:22:52.000Z
21,bob hite,please disregard the mistaken WHO!,0,2020-02-15T22:59:43.000Z
22,K. Ganesan Ganesan,Yes sit solidarity is need  of the hour.,0,2020-02-15T22:55:38.000Z
23,K. Ganesan Ganesan,German example is human science.,0,2020-02-15T22:53:05.000Z
24,K. Ganesan Ganesan,Someone is coughing in this meeting means wromg air is circulating..,0,2020-02-15T22:45:16.000Z
25,K. Ganesan Ganesan,Hlobal level survival spread of  corona virus means global failure of basic Town planning.,0,2020-02-15T22:42:07.000Z
26,K. Ganesan Ganesan,Master plan is politics.,0,2020-02-15T22:34:25.000Z
27,K. Ganesan Ganesan,Enter  strert planning.,0,2020-02-15T22:33:06.000Z
28,K. Ganesan Ganesan,All chinrsse scientidts are  participsting.,0,2020-02-15T22:30:51.000Z
29,K. Ganesan Ganesan,Create regional working group.,0,2020-02-15T22:28:28.000Z
30,K. Ganesan Ganesan,Solidarity created .Thanks to the repeated  merting .,0,2020-02-15T22:23:22.000Z
31,Clement Tan,38:30 China done a great deed for the world. Why are there so many negative responses?,5,2020-02-15T19:36:43.000Z
32,Dan Man,38:30 - Euro News asks about testing or if China pressured the WHO to say China's doing a good job,4,2020-02-14T21:00:50.000Z
33,Dan Man,26:00 - Reuters asks about the management of the crisis,2,2020-02-14T20:52:57.000Z
34,William,WHO cares?,1,2020-02-14T19:12:40.000Z
35,Kevin 213,WHO just a talking head.,0,2020-02-14T17:44:12.000Z
36,Dear Respected The Marshal,China money cannot help Wuhan Virus's patient.,1,2020-02-14T13:37:08.000Z
37,Mark Hong,You are waste,1,2020-02-14T10:35:56.000Z
38,Viw from the Sky,"38:30 this man in incapable to handle WHO, is he a employee a of CCP?",0,2020-02-14T01:23:44.000Z
39,g yu,who is not in the frontline,0,2020-02-14T00:56:28.000Z
40,g yu,who had become cho embarassingly ?,1,2020-02-14T00:53:36.000Z
41,phani sastry,Bunch of joker's and fools are these WHO  guys. Useless fellows and this organization should be dissolved. Every penny spent on them is waste of public money,1,2020-02-13T18:56:33.000Z
42,Gabby,"From the sounds of it we'll all need to wait for a vaccine to be developed to help with the prevention of this outbreak. At this time the only way that we see control and minimizing the outbreak is to quarantine those infected and those suspected of infection. This is an entire mess because in a previous WHO panel Q & A one of the speakers said ""we can not stop the entire world"" meaning we can't quarantine everyone.   

Do you now understand why the public is nervous and upset? We just need straight forward answers, we might not like them but at least we have answers.",0,2020-02-13T17:56:22.000Z
43,Gabby,All that coughing is making me nervous,1,2020-02-13T17:10:57.000Z
44,Fire Google,"I agree, I think China has done a great job at trying to stop the spread. From containing/transporting people in boxes and cells to economic fall, they've sacrificed a lot to keep it there instead of .....  Are the methods humane? .. ..",2,2020-02-13T13:00:13.000Z
45,Johnnie,"keep lying about that to yourself, shame on WHO.",2,2020-02-13T12:45:29.000Z
46,Light ofDivine,People entire blocks being locked in - sealed up!! WHO are disgusting,5,2020-02-13T11:16:06.000Z
47,Prophet YouTube,"***COMMUNIST CHINA***
MSM/WHO = PROPAGANDA
COVID = CHINA OBFUSCATED VIRUS IN DISINFORMATION",0,2020-02-13T10:40:52.000Z
48,夜,CHO,3,2020-02-13T08:38:36.000Z
49,brandx1020,"60,300 cases now!!! Smh these people need to get it together",0,2020-02-13T05:14:37.000Z
50,Green eyes,Trudeau responsible for the Corona virus...,2,2020-02-13T04:59:02.000Z
51,Green eyes,"Makgoba wants action against those implicated in corruption . Hope that includes member of the UN..
@ukwM via @YouTube",0,2020-02-13T04:58:27.000Z
52,kosa kata,WHO = Wuhan Health Organization,29,2020-02-13T04:50:00.000Z
53,神柴,"38:30 World Health Organization（X）China Health Organization（O）
Suggest FBI should investigate this person's bank account",23,2020-02-13T04:49:29.000Z
54,tancomail,CHO Director-General,3,2020-02-13T04:33:40.000Z
55,UNOLIN 四城鄉事,"WHO=WuHan’s OWN (武漢自家機構/組織)
WHO=WuHan OWNED (武漢所擁有組織)
WHO=WuHan ORIGINATED (武漢起源/起源自武漢)
WHO=WIDESPREAD HAZARDS OPERATION (毒物廣傳行動)",7,2020-02-13T04:09:49.000Z
56,C0NDEV1L,Do more please.,1,2020-02-13T03:44:46.000Z
57,jackktw,"China cover up the true severity for 6 weeks, this is what WHO call “immediately action from China?” If WHO cannot read Chinese or English journals, there are 1.4 billion people can read Chinese. Corrupted lying WHO Chairman should step down!!!!",6,2020-02-13T03:39:57.000Z
58,Eugene X,"Number of cases has stabilized. Nothing to see here, go back to work.🙄",0,2020-02-13T03:31:12.000Z
59,Ray Liou,WHO->CHO,18,2020-02-13T03:17:54.000Z
60,Cindy Rose,"With the loss of so many lives due to Coronavirus...
We realize how fragile we all really are and how our lives can dramatically change in an instant. Do you ever wonder, is this all there is? Live today die tomorrow? Please know, this is not all there is. There is a God who knows you and loves you. He created you as an eternal being and desires for you to spend your eternity with Him in Heaven. Because sin has seperated us from God, He provided the way back to Him, through His Son Jesus Christ. There is no other way to Heaven... You can not get to Heaven on your own accord... Your good deeds, being a good person, your church, your money... Can not save you... Only Jesus Christ can save you!!!

WHAT TO DO...
Go to Jesus Christ with a humble heart. Repent and put your trust in Jesus Christ as your Lord and Savior.

AN EXAMPLE PRAYER:
Jesus Christ, I come to you a sinner, I repent of all my sins and ask for your forgiveness. I believe you are the Son of God, that you went to the cross, died in my place, paying my sin debt and that you were buried & rose on the 3rd day to everlasting life. Jesus, right now, I choose to receive you as my Lord and my Savior, trusting in you alone for my salvation. I surrender my life to you and ask for your will to be done. I invite your Holy Spirit to come into my heart to make me more like you. Thank you for your forgiveness. Thank you for filling me with the Holy Spirit and for your gift of eternal life in Heaven. Amen!

NOW WHAT:
Being a Christian is all about relationship. You grow in your relationship with God as you spend time with Him, in your Bible, in prayer, in time of worship and praise. I suggest reading the gospel of John first, and then read the books that apostle Paul wrote, Romans through Philemon.",1,2020-02-13T02:45:46.000Z
61,K. Ganesan Ganesan,"We do not say any Information now '
World Health organisation informed to press.prople will not accept this.",1,2020-02-13T02:17:04.000Z
62,Captain Of A Starship,"At this point we can't blame who, they are right that we have a chance at this very point and it shouldn't be wasted.. but for China, we will see.",0,2020-02-13T01:54:15.000Z
63,anonycuss5114 lane,really diddnt answer any questions,31,2020-02-13T00:19:37.000Z
64,Daniel Craig,Phase 1 of agenda 21. Who knows exactly what's going on.,10,2020-02-13T00:08:17.000Z
65,Rune Jensen,"""Its time for peace and solidarity. i TANK you!""",0,2020-02-13T00:08:15.000Z
66,JE Hoyes,"If this is tracked back to one of China’s live animal and wild animal markets, The Chinese government will have to get on top of those places and bring in strict animal husbandry, slaughter and butchering practices.",0,2020-02-12T23:46:50.000Z
67,Andy Eccentric,"Until travel restrictions are advocated, you have zero credibility and you are universally ignored.",29,2020-02-12T23:41:09.000Z
68,WARLLY LUDOVIC,"Virus created in a laboratory for population reduction, UN war funding organization. People are waking up 🙏",13,2020-02-12T23:01:15.000Z
