{"posted_time": "2020-03-31T05:29:13.000Z", "gathered_timestamp": "2020-04-10 23:06:16.988707", "link": "https://www.youtube.com/watch?v=LoZyLtNWG3Y", "title": "Watch Full Coronavirus Coverage - March 30 | NBC News Now", "comments": [{"author": "lukeslc", "content": "If you are looking for peace in this world, I invite you to click on this link:  https://newsroom.churchofjesuschrist.org/multimedia/file/restoration-proclamation-2020-april.pdf", "score": "0", "time": "2020-04-05T18:59:29.000Z"}, {"author": "Marieanna Bourne", "content": "I think all groceries need to be paid for online and picked up outside. Why expose workers needlessly when you can eliminate the contact.", "score": "0", "time": "2020-04-05T11:50:33.000Z"}, {"author": "Ronald Bartley", "content": "THIS IS REAL PEOPLE!!!!\nMARKET CRASH EMINENT!\nEXPERTS SAY ANOTHER 30% DROP AHEAD!!!\nSELL EVERY STOCK YOU HAVE BEFORE IT'S TOO LATE!\nNEW YORK IN FULL APOCALYPTIC RAPTURE!!!\nSELL! SELL! SELL!\n\nIT'S APOCALYPTIC HERE IN FLINT!!!\n\nLISTEN TO NEWS!!!!  \nI CASHED OUT MY 401K!!\nDON'T LOSE EVERYTHING YOU OWN IN FULL MARKET CRASH!!!\n\nNOT A DRILL!!!", "score": "0", "time": "2020-04-05T07:53:45.000Z"}, {"author": "William Cooper", "content": "You die once they put you on a ventilator period!!!", "score": "0", "time": "2020-04-05T01:56:03.000Z"}, {"author": "dj1200", "content": "And all this could\u2019ve been minimized , if not avoided completely, thanks Trump, hope you\u2019re happy.\n\nThe big baby, waah , it\u2019s not my  fault, waah,  Obama did it, waah, but Hillary started it, waah, fake news, waah! \nI want my binky!\n\nIt\u2019s time for the adults to take over, Trump\u2019s incompetence, downplaying, and his slow reaction is now killing people. \nTrump is trying to revise history by acting like knew all along the severity, but if that\u2019s true, then why dismantle the pandemic team to \u201ccut costs\u201d? \n\nI\u2019m sure the pandemic team cost pennies on the dollar compared to what we are going loose now, lol.\n\nWhat a business man.\n\nWe need a real leader takes responsibility and hopefully gets us out of Trump\u2019s mess with minimal casualties as possible.", "score": "0", "time": "2020-04-04T05:06:40.000Z"}, {"author": "Brian Lee", "content": "The name of this virus is clovisdavisvirus", "score": "0", "time": "2020-04-04T02:38:12.000Z"}, {"author": "vinod gangully", "content": "https://www.facebook.com/101981001426828/posts/101983071426621/?substory_index=0&app=fbl", "score": "0", "time": "2020-04-03T15:58:58.000Z"}, {"author": "LOUD VOICE", "content": "\u261d\ufe0fYOU MUST WATCH THIS!! https://www.youtube.com/watch?v=OYrROwpHECk\nFauci Ignores WHO Boss Crimes Against Humanity\n\ud83e\udd25THE VIRUS ISN'T REAL! THEY LIE JUST ABOUT EVERYTHING!! MOCKING-BIRD MEDIA IS AN ENEMY OF PEOPLE!!!    PROVE: https://www.youtube.com/watch?v=5pIMD1enwd4&t=468s\nhttps://www.youtube.com/watch?v=qzhZFD19UdcFiddling The Figures - The Magic Trick - David Icke 'Virus' Update\nhttps://imgflip.com/i/3s6yae\nhttps://www.youtube.com/watch?v=9uWriZEC8BQ\nDavid Icke 'Virus' Update\nhttps://www.youtube.com/watch?v=qzhZFD19Udc\nhttps://imgflip.com/i/3s6phy\nhttps://imgflip.com/i/3raztd\nhow to use qanon?:\n/everything in this video/\nDeep State Takedown & Military Tribunals! How We Know (Updated!)\nhttps://www.youtube.com/watch?v=Z3KBDpKo3kg  https://qanon.pub\nhttps://www.youtube.com/watch?v=7W6BxCSOF14\nProof: It's All Been Planned - \"The Rockefellar Report\"", "score": "0", "time": "2020-04-03T15:10:04.000Z"}, {"author": "\ubd80\uc0b0MBC", "content": "In my channel, I am providing 2 interview cuts of a Korean corona virus patient who confirmed and cured finally. You can listen real witness about symtoms, aches, process of cure this link : https://www.youtube.com/watch?v=fsX-q8-CHWo  (now 10 languages sub served)", "score": "0", "time": "2020-04-03T09:01:50.000Z"}, {"author": "Lakitha B", "content": "https://youtu.be/XYijnm6KzsI. DYI face mask please share", "score": "0", "time": "2020-04-03T01:58:46.000Z"}, {"author": "she Za", "content": "its my little son\n\nhttps://youtu.be/lp7RYsq3wvk", "score": "0", "time": "2020-04-02T15:34:49.000Z"}, {"author": "SHRABANI ROY", "content": "Every country should boycott China...China made the whole world a Hale.", "score": "0", "time": "2020-04-02T09:09:33.000Z"}, {"author": "MDR", "content": "Does this virus go thru your skin pores?", "score": "0", "time": "2020-04-02T05:10:09.000Z"}, {"author": "roxybarone", "content": "What the frick is with the ads?   just trying to learn about the pandemic...oh but what, maybe I'll buy something before I die", "score": "0", "time": "2020-04-02T04:30:49.000Z"}, {"author": "Elephant Corridor Hotel", "content": "https://youtu.be/CSTdRdwmisQ", "score": "0", "time": "2020-04-01T20:44:46.000Z"}, {"author": "Victore Halls", "content": "She does not use googles, are they out of them? they are really neccessary if youre in the middle od covid 19 drs and patiemts including nurses.", "score": "0", "time": "2020-04-01T19:57:43.000Z"}, {"author": "Ruth Garin", "content": "Your penny can save the senior lifeAppreciate everything. If you can offer food,face masks and so. Please contactus by the email: ruthairin1999@gmail.com BTC-adress 3GH7XPwvjNTx68GfZ5kNUTPUpxyqE46JXS", "score": "0", "time": "2020-04-01T19:11:29.000Z"}, {"author": "Mar", "content": "How's your country doing? \nCovid live visual guide -> http://back.ly/RpaKi", "score": "0", "time": "2020-04-01T15:51:34.000Z"}, {"author": "Dysfunctional Veteran", "content": "Please somebody ask the V.A hospital for help. They are willing and able to assist in this pandemic we must be asked/activated to open bed space.", "score": "0", "time": "2020-04-01T14:43:36.000Z"}, {"author": "Bennie Kelly", "content": "As the world continues to laugh at the Orange Clown running the circus-show!", "score": "1", "time": "2020-04-01T13:25:32.000Z"}, {"author": "Madeswaran Arumugam", "content": "There is a Siddha Medicine doctor from Tamil Nadu, India who claims can cure Corona Virus, appealed to India PM without any feedback.\nThis guy even claims to let him treat the patients even without PPE. You can use your resources to check. He has published numerous videos in YouTube in Tamil Language. I am sure Gates Foundation will have some Tamil people and try.", "score": "0", "time": "2020-04-01T13:21:03.000Z"}, {"author": "Scientific Spirituality", "content": "CRITICAL MESSAGE.. \n\nAMERICAN EXCEPTIONALISM ..believed that Americans are the fittest.. Calamity will claim by natural selection... \n\nNATURAL SELECTION.... \n\nCorrection.... \n\nITS KARMIC SELECTION THIS TIME. \n\nMAD MAN DARWIN WAS NOT RIGHT IN HIS THEORY OF SURVIVAL OF THE FITTEST. \n\nTHIS TIME IT IS SURVIVAL OF THE LEAST NEGATIVE KARMIC BAGGAGE IN HUMAN SPECIES. \n\nONLY THE KARMA CONSCIOUS NATIONS WILL SURVIVE THIS PANDEMIC. \n\nNATURE KNOWS HOW TO DISPOSE OFF IT'S GARBAGE.", "score": "0", "time": "2020-04-01T12:53:48.000Z"}, {"author": "Muhammad Sheheryar Tahir", "content": "https://youtu.be/jDbVuCjl3xs\nhttps://youtu.be/ZzTuVVUt3Y4\nhttps://youtu.be/cPKeAiVQ8P4\nhttps://youtu.be/no22t9rfhB8\nhttps://youtu.be/GsQYUjA4nh0\nhttps://youtu.be/AFVSjZ5gQHg\nhttps://youtu.be/Vho7aSDJu6g\nhttps://youtu.be/NHFt7LsnSMQ\nhttps://youtu.be/_ZmUrJLgmmo\nhttps://youtu.be/-hlBqL9z_SY\nhttps://youtu.be/pnxVT2NPzXo\nhttps://youtu.be/f0MQUdaWqSs\nhttps://youtu.be/XN1RRqKBgm8\nhttps://youtu.be/7Nehyg9iYOI\nhttps://youtu.be/0HzwXnzNH-A\nhttps://youtu.be/cNF1_yMGG50\nhttps://youtu.be/ZlzxHHgp3YQ\nhttps://youtu.be/neo-NCpGdMs\nhttps://youtu.be/R0pkLuxFFto\nhttps://youtu.be/E532SAnZRb4\nhttps://youtu.be/NxqGcGkkxSE\nhttps://youtu.be/AcYriigo_1s\nhttps://youtu.be/m2M5Lw_6YyY\nhttps://youtu.be/s7lGB6wfY2o\nhttps://youtu.be/W9ClPhe4pHM\nhttps://youtu.be/z_FUtbiipS8\nhttps://youtu.be/lpsgXcemaGE\nhttps://youtu.be/Ta0Wbvi2aEY\nhttps://youtu.be/he5Mi9Q_y4s\nhttps://youtu.be/wUAawW2b41g\nhttps://youtu.be/FzkA-3dUUWE\nhttps://youtu.be/mP2hckAcik0\nhttps://youtu.be/wnR3UkuF_Nk\nhttps://youtu.be/ciwaeJslVO4\nhttps://youtu.be/WsvSSs7yXf0\nhttps://youtu.be/qmxhDvFVNWA", "score": "0", "time": "2020-04-01T10:42:16.000Z"}, {"author": "Muhammad Sheheryar Tahir", "content": "https://youtu.be/jDbVuCjl3xs", "score": "0", "time": "2020-04-01T10:25:16.000Z"}, {"author": "Fly Jay Zambia", "content": "In Zambia 30 Cases", "score": "0", "time": "2020-04-01T09:58:06.000Z"}, {"author": "Sasha Praf", "content": "Russia helps the USA in the fight against coronavirus!\r\n*VIDEO AT MY CHANNEL!*", "score": "0", "time": "2020-04-01T09:47:15.000Z"}, {"author": "Jasmine Steele", "content": "Stay social distancing people! ttps://youtu.be/M1j8L-SCJy4 Check out my Covid19 Lockdown 30 Day Stay Fit Challenge!! <3", "score": "0", "time": "2020-04-01T09:08:35.000Z"}, {"author": "Crickit Torres", "content": "Trump is a wartime president and I wonder how many casualties are going to be counted worldwide", "score": "1", "time": "2020-04-01T07:56:45.000Z"}, {"author": "Luz Reyes", "content": "My opinion is why all those millionaire ..need to donate to the cause that effect every one of this country and all over the world.please we need to help each other. We your help you help your self is well. Thank you.  God bless we all.", "score": "0", "time": "2020-04-01T06:51:58.000Z"}, {"author": "Konstantin Konstantinov", "content": "Show Must Go \ud83d\udc4d\ud83d\udc4d\ud83d\udc4d good fake, good acting.", "score": "0", "time": "2020-04-01T06:04:55.000Z"}, {"author": "yaps yakp", "content": "China is back to life\n\n\n\n\n\nI think they found and gives every country tho?", "score": "0", "time": "2020-04-01T06:00:07.000Z"}, {"author": "Coronavirus", "content": "President Trump moved to tears by NY hospital scenes > https://youtu.be/jiwcYS6L67U", "score": "0", "time": "2020-04-01T05:54:43.000Z"}, {"author": "Jon Snow", "content": "Corona is exaggerated balloon. Every year 2.600.000 people dying in Usa", "score": "0", "time": "2020-04-01T05:42:54.000Z"}, {"author": "PETZZz", "content": "Bledi fools", "score": "0", "time": "2020-04-01T05:38:04.000Z"}, {"author": "Rohan Kumar", "content": "Hey American your so much people die this is because of China  he is guilty that what is happening in your country don't leave this China destroy them this hall China your country is still so powerful", "score": "0", "time": "2020-04-01T05:26:54.000Z"}, {"author": "Russe", "content": "Hope they arrest that pastor", "score": "0", "time": "2020-04-01T05:14:46.000Z"}, {"author": "Singer jah Waasskaa", "content": "Blessings. Be safe \ud83d\udc49https://youtu.be/MUHr4pjoMw4", "score": "0", "time": "2020-04-01T05:02:50.000Z"}, {"author": "Good good", "content": "So if your telling people to not panic they won't but if you tell them not to panic then tell them that people are dying then they will so think about it", "score": "0", "time": "2020-04-01T04:47:03.000Z"}, {"author": "tawitface", "content": "Uncle Algorithm is the true hidden enemy. Keep your jiggle, don't FEAR Wuhan wiggle.", "score": "0", "time": "2020-04-01T03:57:12.000Z"}, {"author": "MrBD1971", "content": "Hey NBC News....  Is this for real???? https://youtu.be/n1d0Tq7YKYg", "score": "0", "time": "2020-04-01T03:41:42.000Z"}, {"author": "Gold Silver", "content": "Corona patients Aert.. Use kalanchloe Pinnata leafs tea 3 times a day when patient in quarantine.  it's helpful in respiratory infections and decrease mucus .it's herbal treatment also search this", "score": "0", "time": "2020-04-01T03:35:39.000Z"}, {"author": "Rahul Sodhiya", "content": "This doctor is that death.", "score": "0", "time": "2020-04-01T03:30:56.000Z"}, {"author": "Ken Price", "content": "Certain people are immune to coronavirus. The news isn't telling you!\n\nhttps://figshare.com/articles/How_blood_group_O_could_be_protected_from_Coronavirus_Covid-19_infections/12019035", "score": "0", "time": "2020-04-01T03:13:50.000Z"}, {"author": "Nerdzombiedisco", "content": "Worst newscasters I have ever watched.", "score": "0", "time": "2020-04-01T03:03:12.000Z"}, {"author": "Chizaram E Egbuchiwe", "content": "Does my mum have Coronavirus???   https://youtu.be/AYkAtDy-Z5c", "score": "0", "time": "2020-04-01T02:50:33.000Z"}, {"author": "kidzOne", "content": "USE TURMARIC", "score": "1", "time": "2020-04-01T02:46:19.000Z"}, {"author": "Jerry Martin Montalvo Morales", "content": "Guys whath i known Is that cofee high doses of cafeine cures the virus they're talks that the dead \u00e7hinese doctor knew that", "score": "0", "time": "2020-04-01T02:33:29.000Z"}, {"author": "Ravi kumar soni", "content": "china virus\ud83d\ude21\ud83d\ude21", "score": "1", "time": "2020-04-01T02:22:51.000Z"}, {"author": "Lydian Seven", "content": "THANKS OBAMA!", "score": "1", "time": "2020-04-01T02:05:21.000Z"}, {"author": "Climate Change", "content": "For the CORONAVIRUS PANDEMIC - Work from home, drive & fly less, and live healthier \r\n-------Join everyone together with similar steps to fight against climate change. \r\nwww{dot}change{dot}org/ChangeForTheClimate", "score": "0", "time": "2020-04-01T01:20:22.000Z"}, {"author": "Atomy Mongolia Success Group", "content": "EVERYONE MUST WEAR MASKS IF NOT ALL GONNA DIE", "score": "0", "time": "2020-04-01T01:00:07.000Z"}, {"author": "Donald Trump", "content": "Loving how the democrat cities are the hardest hit!!! Owww", "score": "2", "time": "2020-04-01T00:51:09.000Z"}, {"author": "mera baap", "content": "If america need doctor and nurses I think india can send there doctor and nurses to usa", "score": "1", "time": "2020-04-01T00:44:44.000Z"}, {"author": "Legal Attorney", "content": "iam so proud of you all our nurses! You are our country\u2019s hero !!!", "score": "0", "time": "2020-04-01T00:28:48.000Z"}, {"author": "Alex Khalil", "content": "I\u2019m gonna say what I gotta say. We have the worst government on planet earth why don\u2019t the us government take action for once and close all streets and force people to stay home? If they do that then we could all go back to school, work, see our friends, etc. in 2-3 weeks max. The government is making this so much worse than what it should be if they shut down all flights a day before they did then we would be down to half the cases of COVID-19 in our country. Dr. Fauchi is one example of the many doctors/nurses not getting sleep because of this stupid virus some people are doing all they can to stay home and I\u2019m glad but other stupid people think that it\u2019s ok to have parties, go to the beach, go to their friends house, etc. that is why our government needs to send the military out to every city and forcefully make people stay in there homes for the good of our country. Anyway everyone seeing this please stay home, stay safe, and god bless you all.", "score": "1", "time": "2020-04-01T00:25:22.000Z"}, {"author": "Arunabh Ganguli", "content": "If anyone wants to help out a medical center and a homeless shelter both suffering from the outbreak as in need of support, please consider to donating to our fundraiser. Thanks!\n\nhttps://www.gofundme.com/f/lake-county-il-students-for-covid19-relief", "score": "0", "time": "2020-03-31T23:45:27.000Z"}, {"author": "Katka P", "content": "#Masks4All How to Significantly Slow Coronavirus? Face masks in Czech Repubic: https://www.youtube.com/watch?v=HhNo_IOPOtU&t", "score": "0", "time": "2020-03-31T23:24:21.000Z"}, {"author": "Montebello", "content": "People need stop waching all these fake news and start reading their bibles daily and get right with God.", "score": "1", "time": "2020-03-31T23:17:19.000Z"}, {"author": "Rangertwozero", "content": "She shouldn\u2019t be going home she might spread it to her kids. My god wake up America", "score": "2", "time": "2020-03-31T23:14:10.000Z"}, {"author": "Chekitana", "content": "#filmyourhospital", "score": "0", "time": "2020-03-31T23:07:04.000Z"}, {"author": "vasilis perdikakis", "content": "Regardless of the deadly virus COVID 19 pandemic i am grateful i keep earning weekly profits I just want to testify about Mr Bernard Eberstark, He is an experienced account manager that helps investors trade  , I have been investing with him for about a year and he has turned my life around I have never had issues with my profit withdrawals ,he saved me and my family with the profits I got from investing with him when I was about to lose my house to the bank , it\u2019s been a roller coaster ride ever since I was refer to him by a close friend I don\u2019t depend on my salary anymore we are currently living a very comfortable life.", "score": "1", "time": "2020-03-31T22:46:43.000Z"}, {"author": "Al Sun", "content": "WHO and CDC should tell people to wear masks back in Jan or Feb. Masks can stop the droplets and aerosol spreading from one\u2019s mouth. I ordered mine thru Amazon and they came from China. YouTube taught how to check product quality or even how to make them!!!", "score": "0", "time": "2020-03-31T22:10:39.000Z"}, {"author": "Linton Claude Samuels", "content": "Why is the ICU nurse not wearing the N95 mask? This is not good. Many medical professionals are dead  because they were wearing the wrong mask. We need to make sure that medical people are well taking cared of. If not, how can they help us? How will we then have hope? Here is a link of hope for the world we living in today. please share and like. https://www.youtube.com/watch?v=dxnof9aCbW8&t=21s", "score": "0", "time": "2020-03-31T22:08:57.000Z"}, {"author": "Somri Toopin", "content": "God blessyou. Doctor i. Love you. Thank you for help", "score": "0", "time": "2020-03-31T21:35:40.000Z"}, {"author": "Jiban Kalita", "content": "Click below link for corona virus status in India\nhttps://youtu.be/kIOIWLNtEZ0", "score": "0", "time": "2020-03-31T21:29:39.000Z"}, {"author": "Noel Blair", "content": "Orlando's response to Coronavirus, The usual busy streets of downtown Orlando are empty on this day.https://youtu.be/ix5fK25Ddvg", "score": "0", "time": "2020-03-31T21:07:33.000Z"}, {"author": "ThousandairesClub", "content": "welp.....im sure there'll be alot of job openings come May O____O", "score": "0", "time": "2020-03-31T21:06:45.000Z"}, {"author": "S.H Kim", "content": "Is there cloth to protect COVID-19 ?", "score": "0", "time": "2020-03-31T20:58:42.000Z"}, {"author": "Steve Metloft", "content": "Why 3seconds of the tornado footage but the celebs get more time cuz there singing from home who cares abt themm they will be fine not 1 of the big cult members will get it mark those words done once u under stand why.  Thenn n only then will you reading this and every1 else no whats really going on..gby jesus name go run 2 jesus!!! Now!!", "score": "0", "time": "2020-03-31T19:19:57.000Z"}, {"author": "odpbodpb", "content": "Hoax,,,NCBI says COVID19 virus has never been isolated,,which means there is no way to test for it,,it does not exist,,,", "score": "0", "time": "2020-03-31T17:48:50.000Z"}, {"author": "The Crone", "content": "There are many people in this country who are doing everything they can to save our lives. There are many more people doing everything they can to make sure we have what we need to stay healthy and comfortable. There are millions of Americans that get it and are limiting their\n\n\npublic exposure to protect themselves and their families and also to hold back the tide of sickness and death that is hunting us. There are\ngovernment employees, advisers, military, and many others who we will never know about who are doing everything possible to support the\npeople who are doing the front-line fighting. Thank you does not even begin to express the overwhelming appreciation we have for all of\ntheir sacrifices. God bless all Americans and the rest of the world who are holding onto hope with every fingernail. \nI was reading the local news and came across a video story from a local TV station (NE PA). During the video, a doctor was explaining how the numbers of patients were being counted. If people arrive at the hospital with all of the symptoms of CV19 but are not seriously compromised, they are sent home and told to come back only if they become unmanageable at home. They ARE NOT being actually tested or counted. If somebody is admitted into the hospital and their primary residential address is a state other than PA - they are being counted in the numbers of\nthat state. This means that there are people out there who are sick and not being tested, so, not confirmation and people confirmed but\nnot included in the PA state numbers. The other troubling information was that the test results are taking a week to come back.\nSpecifically, he mentioned that there was a person in the ICU for the past week and their test results still have not been received or confirmed. So, now I have real information that we actually have no idea how many people are actually infected - even with additional testing - and the numbers are not being reported in a way that gives accurate information. To make this even more distressing, the county that this is happening in is a less populated area than most other counties and our percentage to population is at any given moment in first place with the highest percentage using the inaccurate numbers. So, you have a highly infected area, with little or no extra ability to handle the situation being under-reported. Only yesterday have there been arrangements made to bring the Army Corp. into the mix to increase bed count. This does not increase the number of medical staffing. I'm not saying all of this to look for sympathy. I am putting it out there so that you REALLY know how bad things are out there. I haven't left the house in over two weeks and don't plan on going out any time soon. Good luck to us all. Stay as safe as you are\nable.", "score": "0", "time": "2020-03-31T16:43:47.000Z"}, {"author": "Robert Reed", "content": "Those doctors and nurses are going to bring it home to their family", "score": "7", "time": "2020-03-31T15:57:46.000Z"}, {"author": "douge fresh", "content": "Scary times for prostitutes and pimps yo,..", "score": "0", "time": "2020-03-31T15:55:46.000Z"}, {"author": "chongbeng paiklok", "content": "i'm really happy today, I  got a message this morning that my friend who is infected by COVID 19( corona virus) has been cured totally using traditional herbal medicine. i want to us this medium to thank the herbalist man Dr femi for his great work for bring my dear friend back to life. A lot of peopl have used his herbal medicine  for curing their virus of recent this is a great testimony the world have to know this there is a cure for it. contact DR FEMI via : Drfemi648@gmail.com or you can also reach him on his WhatsApp +19092736935", "score": "0", "time": "2020-03-31T15:45:24.000Z"}, {"author": "techiesree Sree", "content": "China is lie statistics and its their biowar . Its crush the economy too and oldages dead more see this . Someone agenda", "score": "0", "time": "2020-03-31T15:20:48.000Z"}, {"author": "R", "content": "That officials in the UK have COVID-19 is not surprising, their inadequate response was heard immunity.", "score": "0", "time": "2020-03-31T15:15:30.000Z"}, {"author": "xXStar LordXx", "content": "People keep talking about the health workers but we also have to thank the workers that are called essential right now we have to thank both of them they are legit holding all of America right now.", "score": "0", "time": "2020-03-31T15:09:13.000Z"}, {"author": "Tabitha Kim", "content": "Have to wear mask too everyone for protect each other from COVID-19.", "score": "6", "time": "2020-03-31T15:07:51.000Z"}, {"author": "Sunil V", "content": "Corona will end July August. The Almighty will do the miracle. Please watch my new video \ud83d\ude00", "score": "1", "time": "2020-03-31T15:01:54.000Z"}, {"author": "Christopher Pearson", "content": "Daily [HCV] stats: (Projected Turning Point)\nReported Confirmed Cases / Deaths / Recovered\n< [D] (Dec - > dr) > [I] (Inc + < dr) (dr = % death rate)\n2003290800 = 6.84% (US % of WW deaths) [mean]\n[WW] = Reported 684652/32113/145696 (dr < 4.69%)\n[US] = Reported 124763/2191/2612 (dr < 1.76%)\n2003300800 = 7.33% (US % of WW deaths) [I > .49%]\n[WW] = Reported 741030/35097/156838 (dr < 4.74%)\n[US] = Reported 143527/2572/4865 (dr < 1.79%)\n2003310800 = 8.38% (US % of WW deaths) [I> 1.05%)\n[WW] = Reported 801400/38743/172657 (dr < 4.83%)\n[US] = Reported 164610/3170/5945 (dr < 1.93%)\nNote: China's ('epicenter' of [HCV-P]) reported stats not reliable but included as base reference point in [WW] stats. Stats don't account for those who are infected but are not yet tested or confirmed because they're asymptomatic or have not otherwise presented or reported their symptoms. Percentage increases are in no small part attributable to developing statistical data collection procedures. Also there's no distinction of the actual cause of death with those who had critical preexisting medical conditions. In actuality this heavily promoted 'Plandemic' is intrinsically no more or less consequential than a common [FLU] - but it's getting exponential [MSM] 'mockingbird' promotion. The available statistical data correlated w/ forensic facts clearly demonstrates [HCV] to be a premeditated Globalist [DS] Operation (a 'Plandemic') of  'Collateral Expedience'.", "score": "0", "time": "2020-03-31T14:56:35.000Z"}, {"author": "D. Mc", "content": "Here is the truth!!!\nhttps://youtu.be/wElEJqAWiMg", "score": "0", "time": "2020-03-31T14:44:16.000Z"}, {"author": "Grace Bernabe", "content": "my heart goes out to all those in the front line that are doing such a great job taking care of the sick my question is what is being done for the homeless and the rest of the community that involved in illegal drugs thank you so much", "score": "0", "time": "2020-03-31T14:32:59.000Z"}, {"author": "V. Dargain", "content": "Frontline medics necks are not covered .", "score": "0", "time": "2020-03-31T14:26:35.000Z"}, {"author": "Carol Mckinney", "content": "Not safe working that many hours,  physically and mentally exhausted", "score": "1", "time": "2020-03-31T14:24:46.000Z"}, {"author": "Evelyn Oppenheimer", "content": "IT'S NOT A  PANDEMIA. IT'S WAR. CHINA USED A BIOLOGICAL WEAPON ON THE WORLD. WAKE UP! CHINA \ud83c\udde8\ud83c\uddf3 NEEDS TO BE ERADICATED.", "score": "0", "time": "2020-03-31T14:21:45.000Z"}, {"author": "Al Cubed", "content": "AMERICANS ASK WHY ARE HUNDREDS OF HOSPITALS ARE EMPTY? #FILMYOURHOSPITAL GOES VIRAL - \u200bhttps://www.infowars.com/video-americans-ask-why-are-hundreds-of-hospitals-are-empty-filmyourhospital-goes-viral/\u200b\nCBS Caught Faking Coronavirus NYC Ventilator Shortage - https://banned.video/watch?id=5e827fc7c6d95b0094d95ddf", "score": "0", "time": "2020-03-31T13:47:21.000Z"}, {"author": "Bingob\u00e4r GmbH", "content": "Unsere Firma hat viele 3m FFP3-Masken. Der FFP3-Level-Schutz sch\u00fctzt Sie und Ihre Familie vollst\u00e4ndig. Bitte kontaktieren Sie uns danke.\r\nbingobaer.kontakt@gmail.com\r\n\r\nOur company has a large number of 3m FFP3 masks, please contact us.\r\nbingobaer.kontakt@gmail.com", "score": "0", "time": "2020-03-31T13:37:52.000Z"}, {"author": "World of cricket", "content": "https://www.thehourlynews.com/2020/03/deeply-embarrassed-jack-grealish.html", "score": "0", "time": "2020-03-31T13:09:22.000Z"}, {"author": "ULT HELTH", "content": "ENOUGH IS ENOUGH. QUESTION: PERSPECTIVE: IS THIS REALLY A CRISIS In the United States? What's the CRISIS. FACTS U.S. Population of 338,000,000 million people - OVER 1 1/2 (1.5) MILLION PEOPLE DIE OF TUBERCULOSIS EVERY YEAR, EVERY DAY 2,000 PEOPLE DIE of Heart Disease, OVER 1,000 PEOPLE DIE OF ASTHMA EVERY DAY, 80,000 PE0PLE DIE OF THE FLU YEARLY, Corona virus 3,171 deaths in 4 months since Dec 2019.. So many more people die of so many other things. Why is this called a crisis??? Please comment on your take on this? The Death toll percentage of population is .000088 of a percent. 88 Millionths of a percent out of 3,171 deaths.\nIs this a crisis ??? Whose benefiting from this what looks like one big media fire storm for ratings and Democrats for votes in an election year???\nPlease comment on your take on this?\nExperts say corona virus COVID 19 started in Wuhan China where they test virus like our CDC and also have biological warfare testing. They actually later sell their testing animals in their wet markets for food. Experts say this and possible testing of a Biological WEAPON are the only two possibilities.\nAt the least China needs to be held responsible, and accountable and feet to the fire and pay for all the damage.\nWhose benefiting from this what looks like one big media fire storm for ratings and Democrats for votes in an election year??? Only after 1,000 people died did Obama declare a national emergency and he never locked down the country or get quarantines or stop travel from other countries.\u00a0\u00a0\nIn October 2009, after more than 1,000 people in the United States had died of swine flu, also known as H1N1, Obama declared a national emergency. From April 12, 2009, to April 10, 2010, in the United States, there were 60.8 million cases of swine flu, 274,304 hospitalizations and 12,469 deaths, now updated to over 17,000 deaths in the U.S. Centers for Disease Control and Prevention (CDC) In October 2009, after more than 1,000 people in the United States had died of swine flu, also known as H1N1, Obama declared a national emergency.", "score": "2", "time": "2020-03-31T12:50:31.000Z"}, {"author": "perinnial", "content": "Hi guys, just wanted to remind you that this isn\u2019t the worlds first pandemic, it\u2019s just one of the most severe modern ones in the 21st century. In 1918, the flu was a pandemic that affected at least 500 million and killed nearly 50 million. Now it is an endemic virus. Shutting society down is something that we have learned can help reduce spread, we\u2019re using what we have to do what we can. But we made it through the flu, we\u2018ll make it through this.", "score": "1", "time": "2020-03-31T12:21:53.000Z"}, {"author": "Ross Luther", "content": "China created WUHAN CORONA PANDEMIC.  Hold evil China accountable for all these deaths and destructions.", "score": "0", "time": "2020-03-31T11:42:23.000Z"}, {"author": "Richard Bolling", "content": "LMAO, NBC news is King of the sycopath super control freaks. The American people will likely die  of acute stupidity long before they catch this new fllu bug.", "score": "0", "time": "2020-03-31T11:37:20.000Z"}, {"author": "Julius Maximus", "content": "700,000 people die each year in italy, 1,500,000 in brazil, 50 million worldwide.  Do you think the faye nilsen WHO will count these numbers with WHICH cause in 2020? \ud83d\ude02\ud83d\ude02\ud83d\ude02\ud83d\ude02", "score": "0", "time": "2020-03-31T11:36:15.000Z"}, {"author": "Best Amazon Deals Online Shopping", "content": "facemask\nMydent MK-7300 Level 3 Dual Fit Ear-Loop Face Masks (Pack of 50), 50, Blue\n#1 Best Seller in Medical Procedure Masks\nhttps://amzn.to/3bDygKC", "score": "0", "time": "2020-03-31T11:32:43.000Z"}, {"author": "andrew mroz", "content": "The real  virus is the media and the elites who own it, wake up all you sheep", "score": "0", "time": "2020-03-31T11:30:17.000Z"}, {"author": "AL Dor for shore", "content": "I believe that anyone that comes out of their house should be shot by police firing squad, we should be quarantined for the rest of our lives from the scary Boogeyman cold that the media promotes so much \ud83d\ude24\ud83d\ude37", "score": "1", "time": "2020-03-31T11:23:39.000Z"}, {"author": "Ginny Moore", "content": "I found ingredients to make s person feel better with the virus I'm taken it", "score": "0", "time": "2020-03-31T11:21:48.000Z"}, {"author": "Thought Frankly", "content": "lies lies lies! don't believe the mainstream media! The corona virus scare is a scam! We are being lied to as usual, this is fake news to keep us locked up like chickens. https://m.youtube.com/watch?v=h5FHQDpzkMw\nthey created a new test for common viruses and lie and say when people die of cancer it was corona when people die of anything, Corona! their goal the New World Order is to force vaccinate everyone and turn us into zombies with these new vaccines! It may sound crazy but it's true. watch David Ickes new videos. Do you belive the media? The doctors? who profit only from selling drugs. they are drug dealers. Their drugs are taken from plants and yet none use plants. Lies! Wake up!", "score": "0", "time": "2020-03-31T11:11:08.000Z"}, {"author": "etiachi", "content": "( \u0360\u00b0 \u035f\u0296 \u0361\u00b0) I cant believe I watched this, THE WHOLE THING", "score": "0", "time": "2020-03-31T11:10:50.000Z"}, {"author": "Dido Kinney", "content": "Don't forget about the truck drivers", "score": "0", "time": "2020-03-31T10:55:55.000Z"}]}