{"posted_time": "2020-03-12T18:47:33.000Z", "gathered_timestamp": "2020-04-10 23:06:20.838784", "link": "https://www.youtube.com/watch?v=cAJppuDz-Mg", "title": "Coronavirus around the world: March 12, 2020", "comments": [{"author": "Silvia Logan", "content": "Italy is the worst case scenario for coronavirus. When I saw the news yesterday, there were 10 pages of obituary of people who died from this viral infection. I have some cases where I live in Ottawa, but it is just mild.", "score": "1", "time": "2020-03-17T20:38:21.000Z"}, {"author": "Cheikh Talib", "content": "It\u2019s not enough deaths.We need corona virus to be more aggressive.Too many people who n this congested world.Also it\u2019s survival of the strongest.", "score": "0", "time": "2020-03-17T08:44:23.000Z"}, {"author": "Helena L", "content": "Germany will closed everything except supermarkets on Wednesday", "score": "0", "time": "2020-03-16T17:01:41.000Z"}, {"author": "Dagger - \u0627\u0644\u062e\u0646\u062c\u0631", "content": "You can't quarantine anything , the apocalypse is here and it isn't stopping soon , the rollercoaster has just begun moving.. You've been warned before but closed your ears", "score": "0", "time": "2020-03-15T08:56:23.000Z"}, {"author": "GASPARE E GRIMALDI", "content": "Coronavirus natural remedies fast results search YouTube Gaspare E Grimaldi", "score": "1", "time": "2020-03-15T06:22:48.000Z"}, {"author": "Scorpion", "content": "This is a new fashion for the future. Face mask and glasses , made in China.", "score": "0", "time": "2020-03-15T01:07:24.000Z"}, {"author": "amrik Singh", "content": "I like your news safe to Corona virus please sarching utub amrik Singh mosquito and face book", "score": "0", "time": "2020-03-15T00:45:00.000Z"}, {"author": "Beatle Toons", "content": "Do not take the virus test they will tell you its positive and will put you on a bus to a fema location where you will be vaccinated and you will die . THIS IS NOT A JOKE > THIS IS THE AGENDA\nTO DEPOPULATE THE WORLD", "score": "0", "time": "2020-03-14T22:28:42.000Z"}, {"author": "Sarabjit Sandhu", "content": "Why are people using the whole name coronavirus covid 19 ?? Is there another coronavirus ?? Is it not enough to say coronavirus?? Or even CV??", "score": "0", "time": "2020-03-14T22:19:19.000Z"}, {"author": "RdL", "content": "stay home and play some doom eternal comming the 2oth", "score": "0", "time": "2020-03-14T19:58:43.000Z"}, {"author": "Rania Elhoudali", "content": "Chinese were trying to become batman lmao.", "score": "1", "time": "2020-03-14T18:39:03.000Z"}, {"author": "Galicias Gone", "content": "no need for being sick and grotesque. have some respect and stop being so mean with the news and graphic things. sick sick sick  and they should fine those jerks who buy so much to then resell it expensive, they are gross people with zero brain and heart, and stores raising prices are being same garbage. is sickening how humans are in reality in times of need.  gross", "score": "0", "time": "2020-03-14T17:53:56.000Z"}, {"author": "GUITAR LESSONS - BobbyCrispy", "content": "All over the media there are maps of the total number of cases of the Coronavirus in the world. I'd like to see maps of the number of recovered cases of Coronavirus, or current number of cases ( total cases minus recovered cases ). Showing only the total number of cases seems a little deceiving and cause even more fear", "score": "0", "time": "2020-03-14T17:51:25.000Z"}, {"author": "byram101", "content": "COVID-19 Is not a good name and is not used by the public.... What WOULD be a good name for a deadly disease spreading around the world and killing people?... \"Communism\".", "score": "0", "time": "2020-03-14T17:18:29.000Z"}, {"author": "julius ceasar", "content": "a proton and a neutron were talking the other day ,the proton said ,\"did you know everything is made up of atoms\" ,to which the neutron replied ,'the Chinese make up everything too\"", "score": "0", "time": "2020-03-14T16:49:13.000Z"}, {"author": "Dan Boden", "content": "Liberal governments keep spreading chicken little disease just to cause panic when it suits their narrative of orange man bad.", "score": "0", "time": "2020-03-14T16:32:29.000Z"}, {"author": "TrueLove", "content": "Does anyone personally know a single person who has coronavirus? Someone who is not a celebrity?", "score": "1", "time": "2020-03-14T14:51:21.000Z"}, {"author": "Kenley Marcellus", "content": "why coronavirus is not a good sick because everybody  can't travel why", "score": "1", "time": "2020-03-14T14:37:30.000Z"}, {"author": "Higzy Teflon", "content": "Does anyone here personally know anyone who contracted and died from SARS or Ebola when it was all over the news? Neither do I, and just like SARS and Ebola, I'm beginning to believe this Coronavirus nonsense only exists on the news you watch on television. Also, MSM news stories and videos don't prove a damn thing, so don't bother posting links in an attempt to prove it is what you believe it to be. That would be hilariously foolish.", "score": "0", "time": "2020-03-14T14:02:59.000Z"}, {"author": "Mythodes", "content": "Bro In the Netherlands there are already more than 1000 cases and still the schools aren\u2019t shut down.", "score": "1", "time": "2020-03-14T13:12:20.000Z"}, {"author": "Shawn", "content": "Why did the so called time travelers not tell us about this\ud83d\ude15", "score": "0", "time": "2020-03-14T12:41:33.000Z"}, {"author": "Jules Practice", "content": "I think it says a lot about US healthcare system that a health care worker would choose to travel to Italy FOR VACATION when Italy is under lockdown. She should be the first to understand the severity of the problem. If our healthcare workers don't grasp infectibility and spread, then they will be the first to catch and spread the disease.", "score": "0", "time": "2020-03-14T12:12:53.000Z"}, {"author": "Democrat", "content": "it would be safer to bury Trudeau now before he gets the rest of Canada sick.", "score": "0", "time": "2020-03-14T10:48:16.000Z"}, {"author": "CorruptEyess X", "content": "This world is corrupt", "score": "0", "time": "2020-03-14T07:06:35.000Z"}, {"author": "BigSky Family", "content": "Tell people to stock up & close everything down.  Stay home & relax. Netflix & chill", "score": "0", "time": "2020-03-14T06:54:05.000Z"}, {"author": "makaveli8979", "content": "Not to worry everybody. Canada has just found the vaccine", "score": "0", "time": "2020-03-14T04:31:15.000Z"}, {"author": "Django90", "content": "\u0412\u043d\u0438\u043c\u0430\u043d\u0438\u0435 \u0412\u043d\u0438\u043c\u0430\u043d\u0438\u0435!!", "score": "0", "time": "2020-03-14T03:58:10.000Z"}, {"author": "c0brasss 78", "content": "\ud83e\udd87\ud83e\udd57", "score": "0", "time": "2020-03-14T03:57:43.000Z"}, {"author": "Moises Espinal", "content": "Hold up.....who in the right mind would go out and say \u201chey let\u2019s go travel even when there\u2019s an epidemic killing millions!\u201d. Sometimes we prove to be the smartest animals on this planet but other times I just feel like some of us have no brains at all.", "score": "0", "time": "2020-03-14T02:57:20.000Z"}, {"author": "Mezza", "content": "China has invaded the world", "score": "0", "time": "2020-03-14T01:41:13.000Z"}, {"author": "Paco Aguilar", "content": "Y estados unidos perdi\u00f3 mucho dinero con ese peso del petr\u00f3leo contra los \u00e1rabes k pusieron el petr\u00f3leo por los cielos y ahora para reactivar la econom\u00eda trump como el vergas k es se invent\u00f3 el corona virus para aumentar las compras de todo para no colapsar y as\u00ed segu\u00ed teniendo dinero", "score": "0", "time": "2020-03-13T22:19:47.000Z"}, {"author": "A P", "content": "I find that ignorant and stupid that another country gets upset about the ban. Extreme precautions needed to be in place and slowly it's happening.  Traveling needs to stop", "score": "0", "time": "2020-03-13T22:11:53.000Z"}, {"author": "Louie Fence", "content": "*Laughs in Native American*", "score": "0", "time": "2020-03-13T22:11:07.000Z"}, {"author": "E Mont", "content": "lets hope justine has it ,and no cure,,,,,yiipppeee", "score": "0", "time": "2020-03-13T21:50:30.000Z"}, {"author": "Junk journaling made easy Lisa Perez", "content": "Instead of concentrating on the deaths, lets look at how many survive.  Example in the flu of 1918.\n1 billion people world wide was infected with the flu.  Out of the 1 billion people 50 million died, that means 950 million survived.", "score": "0", "time": "2020-03-13T21:34:48.000Z"}, {"author": "Corona Virus", "content": "Ahaha I\u2019ve infected them", "score": "0", "time": "2020-03-13T20:37:55.000Z"}, {"author": "Casper Turner", "content": "without common sense idiots  pay for decisions", "score": "0", "time": "2020-03-13T20:22:54.000Z"}, {"author": "Alex Valdez", "content": "Why do people travel it speareds the viruse", "score": "0", "time": "2020-03-13T19:59:42.000Z"}, {"author": "Anna Vajda", "content": "Don't forget lots of those people live to socialize they don't enjoy isolation like some of us do.  They actually look down on sensible folks sooo....", "score": "1", "time": "2020-03-13T18:25:29.000Z"}, {"author": "John Dickson", "content": "The EU had NO say on who comes and goes from the US!", "score": "1", "time": "2020-03-13T18:11:41.000Z"}, {"author": "100 subscribers with only 1 video", "content": "coronavirus:\n* Me that had 3 *flintstones vitamins*", "score": "1", "time": "2020-03-13T17:50:54.000Z"}, {"author": "M T", "content": "0:48 saying they weren\u2019t given warning........ its a virus thats sweeping the world in a matter of days. How much of a warning is he looking to get.", "score": "2", "time": "2020-03-13T17:33:33.000Z"}, {"author": "rick couture", "content": "food grown in human waste and exported from China/others.  safe/unsafe????", "score": "0", "time": "2020-03-13T17:18:56.000Z"}, {"author": "jess jesse", "content": "Spreading fear is biggest hysterically under mass people ! That old trick work each generations ! People are fear obessioned !", "score": "1", "time": "2020-03-13T17:17:39.000Z"}, {"author": "jess jesse", "content": "If it a break out virus then all chinees labratory people are dead ? Easy math dude !", "score": "0", "time": "2020-03-13T17:15:45.000Z"}, {"author": "Sad Though", "content": "Coronavirus: Exists.\nMysterio: Now that's an Avengers level threat!!", "score": "0", "time": "2020-03-13T17:13:48.000Z"}, {"author": "ymhktravel", "content": "Too bad girl, why are you still travelling in such uncertain times? Conoravirus, even if you are young and recover from it, it'd have scarred your lungs as some young recovered patients have complained of being easily out of breath by just quickening their walking pace. So it isn't the same back to normal thingy.", "score": "0", "time": "2020-03-13T16:48:39.000Z"}, {"author": "Angel Olmeda", "content": "The elites are going in their bucker", "score": "0", "time": "2020-03-13T16:24:37.000Z"}, {"author": "tim styiener styiener", "content": "FEARMONGERS", "score": "0", "time": "2020-03-13T15:51:34.000Z"}, {"author": "Troy Facette", "content": "I feel zero remorse for anyone who ends up in quarantine due to flight band cuz clearly you are the reason these flight bans had to be set in place. Congratulation on being stupid tho \ud83d\udc4d", "score": "1", "time": "2020-03-13T15:46:28.000Z"}, {"author": "Shannon Hgau", "content": "Can\u2019t understand why some people still travel, still meetings. They don\u2019t know it\u2019s so dangerous for others also", "score": "1", "time": "2020-03-13T15:27:06.000Z"}, {"author": "leonardo pomposo", "content": "2020 sucks", "score": "0", "time": "2020-03-13T15:24:11.000Z"}, {"author": "Alnie Salazar", "content": "Why do the US needs your consultation. Last time I check USA is not in Europe.", "score": "0", "time": "2020-03-13T14:56:41.000Z"}, {"author": "Jeremy Hamm", "content": "Or just wake up and realize that it\u2019s not as big of a threat as previous \u201cviruses\u201d as we\u2019ve had in the last 20 years.. wake up and see what\u2019s really going on. The people are questioning too much so they use this \u201cvirus\u201d to spread fear and panic to control the population. Wake up people!", "score": "1", "time": "2020-03-13T14:41:29.000Z"}, {"author": "Mark Goulding", "content": "Heaven \"it begins\"", "score": "0", "time": "2020-03-13T14:12:31.000Z"}, {"author": "Falloutify76", "content": "Question, I'm a 12 year old that has a bit of a cough but I'm still alive. It's been like 3 weeks since I've had the cough. I think I might just have a cold but if I do have it, do you think I'll live?", "score": "0", "time": "2020-03-13T14:07:06.000Z"}, {"author": "NITYA LOVES", "content": "Really emotional times but also scary & horrible feeling!!! OMG", "score": "0", "time": "2020-03-13T13:51:33.000Z"}, {"author": "zoomrr69", "content": "shut it down\nshut it all down now\nno air flights no mail\nno nuthing", "score": "0", "time": "2020-03-13T13:44:09.000Z"}, {"author": "Roger Diogo", "content": "Canadians are saying ONLY 16 cases in Quebec, LOL!", "score": "0", "time": "2020-03-13T13:36:18.000Z"}, {"author": "B1Chronixx", "content": "If there's ever time to be antisocial or a hermit, it's definitely now.", "score": "0", "time": "2020-03-13T13:26:35.000Z"}, {"author": "K M", "content": "Cheap flight tickets r what's seducing ppl to travel", "score": "0", "time": "2020-03-13T13:08:01.000Z"}, {"author": "nobody cares", "content": "*God's Plan*\n1. Create Everything\n2. Corona Time", "score": "0", "time": "2020-03-13T12:54:48.000Z"}, {"author": "OTR Adventures", "content": "None of these leaders had the spine to act swiftly.  It\u2019s too late now.", "score": "0", "time": "2020-03-13T12:21:25.000Z"}, {"author": "KaniSS Sta", "content": "Its not the virus that will kill us, its stupidity of people.", "score": "0", "time": "2020-03-13T11:51:54.000Z"}, {"author": "Ruthens", "content": "My school recently got closed today most likely because of coronavirus.", "score": "2", "time": "2020-03-13T11:43:04.000Z"}, {"author": "Lynn Boudreau", "content": "Screw you, EU, unelected dictatorcrats it is a swarm in your BLOC", "score": "0", "time": "2020-03-13T11:25:46.000Z"}, {"author": "Carrie M", "content": "Coronavirus.....aka Captain Trips.", "score": "0", "time": "2020-03-13T11:03:08.000Z"}, {"author": "Beskyds Raiders", "content": "everybody dresses in black ... now you have it !", "score": "0", "time": "2020-03-13T10:04:42.000Z"}, {"author": "UmerPK 4", "content": "EU should ban Americans aswell & deport them!\nSticking together should be what we do, but Trump will be Trump..", "score": "2", "time": "2020-03-13T09:59:09.000Z"}, {"author": "Kay Bass", "content": "Covid 19>>>worldwide bankruptcy crisis>>>loss of the EURO Ezekiel 7: 19. Psalms 46: 4-6.", "score": "0", "time": "2020-03-13T09:51:58.000Z"}, {"author": "jehovers", "content": "covid19 = rich people disease..", "score": "0", "time": "2020-03-13T09:49:50.000Z"}, {"author": "LAIONE MEIHE TAHI KOULA KANATEA.", "content": "END TIME NOW", "score": "0", "time": "2020-03-13T09:47:47.000Z"}, {"author": "SealAngel", "content": "This is the single greatest threat humanity has ever faced and if we do Nothing it will destroy us! Millions will die and no one is safe this will kill us all! Only God can save us.", "score": "0", "time": "2020-03-13T09:32:57.000Z"}, {"author": "L L", "content": "I am really amazed by what\u2019s going on in Canada. Nobody cares a virus spread out so badly and kills people around the neighbour. Still wide open to Canada in and out? Like the virus will make friends with Canadians? PM has been self quarantine, any measures to take to save the people?", "score": "0", "time": "2020-03-13T09:32:22.000Z"}, {"author": "Brendon Craig", "content": "The coronavirus is not something that can be contained over the next 5 years most people will at some point get the coronavirus. Medical professionals know this we just do not have enough beds in hospitals for everyone to get the virus at once. We are at minimum 12months from a vacine. We should go about our lives as normal using cauting, limiting large gatherings and making sure we look after our most vulnerable. I have 2 mates that have got the coronavirus in Italy while travling and both have gotten better saying they stayed isolated for 12 days  but felt better after 7 days of rest.", "score": "0", "time": "2020-03-13T09:21:48.000Z"}, {"author": "Veronica Jackson", "content": "all events should be put on hold! People are crazy to travel right now! Especially in confined spaces with air conditioning! Stay home where your safe! There's to many infected who haven't been tested walking around infecting others! Not worth going out!", "score": "1", "time": "2020-03-13T09:07:32.000Z"}, {"author": "synthesis 101", "content": "= Consultation to DELAY  - WHY  ???", "score": "0", "time": "2020-03-13T08:59:58.000Z"}, {"author": "Jax Produktion", "content": "Sweden stop testing people for Corona\ud83e\udd2c\ud83e\udd2c\ud83e\udd2c", "score": "0", "time": "2020-03-13T08:44:27.000Z"}, {"author": "Wind em up!", "content": "You're all scared because of how viral this has gone and what your Governments are having to do. You believe all this hype and hysteria yet it is not much different from influenza and look at how many people die from that every year and it is passed. Then some of you go out and buy all the toilet paper, pasta and hand sanitiser because the whole world has gone Corona Virus crazy and you think the world is ending. Get a grip.", "score": "0", "time": "2020-03-13T07:56:26.000Z"}, {"author": "LazyEyedWolf", "content": "Guys if you want to travel that's fine but stay away from people so you don't put more people at risk. Which is what I'm going to be doing while I'm bikepacking around the world. If you have to get near people let's say to buy food at a grocery store put on a facemask and wash your hands after touching anything", "score": "0", "time": "2020-03-13T07:47:12.000Z"}, {"author": "Feona Lee Jones", "content": "I think the ban of Europeans to USA was a smart idea.", "score": "2", "time": "2020-03-13T07:42:37.000Z"}, {"author": "Wendel Bolide", "content": "If i get the coronavirus im gonna cough on the first trumpster i come across!", "score": "1", "time": "2020-03-13T07:39:01.000Z"}, {"author": "Mir Mir", "content": "The 21st century, the technology is developed, but we cannot defeat this virus, we only think about money, but we forget science, and who is engaged in science we laugh at them and call them nerds", "score": "0", "time": "2020-03-13T07:20:21.000Z"}, {"author": "mister nobody", "content": "FUN FACT: The man named Rick who will open his eyes after a 2 months coma will see dead bodies with mask on walking on the streets, and he will try to get answers.. but it's not a big deal. The coronavirus symptoms got worse real fast and made 70% people die and return from the dead, like in the Walking Dead. :) CAN'T WAIT !!!!!", "score": "0", "time": "2020-03-13T07:13:23.000Z"}, {"author": "D D", "content": "Canada loves the Chinese... They have allowed thousand of rich Chinese billions to reside in Canad", "score": "1", "time": "2020-03-13T07:11:10.000Z"}, {"author": "Aaryan", "content": "Yes", "score": "0", "time": "2020-03-13T07:08:53.000Z"}, {"author": "Sapphire Sky", "content": "not a single image of a sick person.", "score": "0", "time": "2020-03-13T06:57:59.000Z"}, {"author": "Mwase Demiano", "content": "Rapture began", "score": "0", "time": "2020-03-13T06:57:14.000Z"}, {"author": "Jason Kauppinen", "content": "EU isn't in charge of the US.  There was that whole 1776 event that sorted all that out.", "score": "1", "time": "2020-03-13T06:55:07.000Z"}, {"author": "Debrom Teklit", "content": "OH, God blessed  to Canada \ud83d\ude4f\ud83d\ude4f\ud83d\ude4famen, amen, amen\ud83d\ude4f\ud83d\ude4f\ud83d\ude4f  and all of the world \ud83d\ude4f\ud83d\ude4f\ud83d\ude4f", "score": "0", "time": "2020-03-13T06:46:52.000Z"}, {"author": "Mike Anderson", "content": "China is the most rotten country on the face of the earth. If they are not stealing, polluting, murdering babies, they are spreading diseases, chaos and misery throughout the world.", "score": "0", "time": "2020-03-13T06:46:47.000Z"}, {"author": "Mr McDonald", "content": "Testing testing, lets see how the public reacts to a virus scare shall we.", "score": "1", "time": "2020-03-13T06:37:31.000Z"}, {"author": "Leonidas", "content": "Trump is right. For the next 30 days. Everyone should stay put. That means no work, no school and no flights. People are going to wait until its too late.", "score": "0", "time": "2020-03-13T06:36:00.000Z"}, {"author": "Huples Cat EPL", "content": "Signs of covid19\n-sore throat, dry cough, fever, desperate desire to get toilet paper and going on cruises", "score": "9", "time": "2020-03-13T06:33:00.000Z"}, {"author": "family matters", "content": "to every boy and girl, the world does not care about you, when you learn that, is when , the real god comes into your life, and the son stays with you in the holy spirit forever, and the world can never take that from you, at any age, i am surprised they did not teach you that in school,", "score": "0", "time": "2020-03-13T06:22:21.000Z"}, {"author": "Hey", "content": "call me maybe", "score": "1", "time": "2020-03-13T06:09:51.000Z"}, {"author": "JRT 4JUSTICE", "content": "We are glad President Trump acted swiftly and didn\u2019t take its time like the EU did with Italy..the EUs minister should get his own house in order before criticizing the USAs..but he\u2019s a globalist and probably doesn\u2019t care. If the EU acted swiftly and decisively , containment of the virus on the continent would\u2019ve been achievable. I\u2019m glad the UK is finally free from the EU..our President represented America first...not the EU.", "score": "0", "time": "2020-03-13T06:03:14.000Z"}, {"author": "Peter", "content": "Thought we were breaking out some Carly Rae Jepson at the start of the video", "score": "1", "time": "2020-03-13T05:55:19.000Z"}, {"author": "Barry last", "content": "They are complaining because Trump is taking action but they aren't, crying foul.\nHave they been working with anyone to stop the spread?!  Or just sharing it.", "score": "0", "time": "2020-03-13T05:53:29.000Z"}, {"author": "Hans Tan", "content": "Did they consult when they bad-mouthed him?", "score": "0", "time": "2020-03-13T05:49:14.000Z"}]}