{"posted_time": "2020-02-12T22:58:46.000Z", "gathered_timestamp": "2020-04-10 23:08:44.045285", "link": "https://www.youtube.com/watch?v=eWFgJrLTc7k", "title": "Coronavirus Outbreak (COVID - 19) : WHO Update (12 February 2020)", "comments": [{"author": "True North Strong and Free", "content": ".Tedros and his Canadian sidekick, Dr. Aylward need to be fired from their positions at WHO. Both of them have their heads stuck so far up Emperor Xi\u2019s rear it\u2019s not even funny! What a pair of  brown noses!", "score": "0", "time": "2020-04-09T08:19:26.000Z"}, {"author": "NetTubeUser", "content": "42:28 -- Riiigth ... suuure... (cringe moment).", "score": "0", "time": "2020-04-07T11:57:17.000Z"}, {"author": "Kumato Dan", "content": "He\u2019s a criminal for sure, helping the evil CCP coverups their crimes", "score": "0", "time": "2020-04-03T07:18:57.000Z"}, {"author": "K. Ganesan Ganesan", "content": "China is commerlising Coronoviruses equipment  tools.", "score": "0", "time": "2020-03-20T23:47:17.000Z"}, {"author": "K. Ganesan Ganesan", "content": "Introduce herbal tea in meetings. Liver and lungs are activated.", "score": "0", "time": "2020-03-20T23:40:15.000Z"}, {"author": "K. Ganesan Ganesan", "content": "Treat planet as one No mention of countries.", "score": "0", "time": "2020-03-20T23:35:07.000Z"}, {"author": "K. Ganesan Ganesan", "content": "Eatly evidences  might have been destroyed. Trace traces for  scientific truth.", "score": "0", "time": "2020-03-20T23:30:07.000Z"}, {"author": "K. Ganesan Ganesan", "content": "Introduce herbal tea", "score": "0", "time": "2020-03-20T23:25:31.000Z"}, {"author": "K. Ganesan Ganesan", "content": "Don't rely Chinese news", "score": "0", "time": "2020-03-20T23:22:04.000Z"}, {"author": "Lin Jannifer", "content": "COVIR-19\u3001Wuhan Pneumonia should be named as China Pneumonia\r\nChina Output Virus In December-2019 \u2192 COVID-19", "score": "0", "time": "2020-03-11T14:56:03.000Z"}, {"author": "alzheimer Mer", "content": "Tedros Adhanom looks like an idiot, talks like an idiot, so = an idiot!", "score": "0", "time": "2020-03-09T11:22:22.000Z"}, {"author": "Swans down River", "content": "Your organization should be dissolved you are so incompetent. Tedros is a crook. He brings shame to Ethiopia\n\ud83d\udd95\ud83c\udfff\ud83d\udc68\ud83c\udfff\u200d\ud83e\uddb2\ud83d\udd95\ud83c\udfff", "score": "0", "time": "2020-02-26T10:43:20.000Z"}, {"author": "Pc Chain", "content": "Chinese fascism, having succeeded in destroying the whole world, this biological weapon has denounced China's hideousness.", "score": "2", "time": "2020-02-24T14:47:23.000Z"}, {"author": "Teresa J", "content": "Tedros Adhanom should take part of the responsibility for virus spreading so badly. Because too many countries believe what he said and then take the actions too late !!!", "score": "6", "time": "2020-02-24T04:06:27.000Z"}, {"author": "LeLocle", "content": "Tedros must resign.  Add your name to the petition at \"Change dot o r g\".", "score": "0", "time": "2020-02-21T19:17:56.000Z"}, {"author": "Ph\u01b0\u01a1ng Dung", "content": "How much money do you get in China? Tedros Adhanom", "score": "1", "time": "2020-02-21T13:23:24.000Z"}, {"author": "awesome lee", "content": "Tedros Adhanom Ghebreyesus why don't you move to Wu Han to help those patients since you feel China is safe now, obviously tell the lie.", "score": "3", "time": "2020-02-19T13:33:49.000Z"}, {"author": "awesome lee", "content": "\u8b5a\u5fb7\u585e\u00a0\n\u4f60\u9019\u5768\u5c4e\u00a0\n\u8981\u627e\u5230\u6bd4\u4f60\u66f4\u8349\u83c5\u4eba\u547d\u7684\u5b98\u00a0\n\u53ea\u6709\u4e2d\u5171", "score": "0", "time": "2020-02-19T13:30:53.000Z"}, {"author": "I G", "content": "WHO is a media suit that is to mask the dying in China. Chinese health authorities quickly isolated the virus' genetic sequence and shared it on a public database in a matter of weeks, \"they said\", giving scientists a chance to identify it. China already had the genetic sequence because their the ones that made it. Wake up China. Don't let your government get away with this. Fight! All governments are part of this 2030 agenda.", "score": "0", "time": "2020-02-16T14:03:28.000Z"}, {"author": "jhc6608", "content": "34:59 They can't answer because the numbers don't make sense. Both thinking it's made up but how do we rephrase the answer so they'll stop questioning?", "score": "0", "time": "2020-02-16T06:29:29.000Z"}, {"author": "jhc6608", "content": "Is WHO transparent with how their monetary funds/goods are allocated and distributed? Which countries get exactly what and how much??", "score": "0", "time": "2020-02-16T06:22:52.000Z"}, {"author": "bob hite", "content": "please disregard the mistaken WHO!", "score": "0", "time": "2020-02-15T22:59:43.000Z"}, {"author": "K. Ganesan Ganesan", "content": "Yes sit solidarity is need  of the hour.", "score": "0", "time": "2020-02-15T22:55:38.000Z"}, {"author": "K. Ganesan Ganesan", "content": "German example is human science.", "score": "0", "time": "2020-02-15T22:53:05.000Z"}, {"author": "K. Ganesan Ganesan", "content": "Someone is coughing in this meeting means wromg air is circulating..", "score": "0", "time": "2020-02-15T22:45:16.000Z"}, {"author": "K. Ganesan Ganesan", "content": "Hlobal level survival spread of  corona virus means global failure of basic Town planning.", "score": "0", "time": "2020-02-15T22:42:07.000Z"}, {"author": "K. Ganesan Ganesan", "content": "Master plan is politics.", "score": "0", "time": "2020-02-15T22:34:25.000Z"}, {"author": "K. Ganesan Ganesan", "content": "Enter  strert planning.", "score": "0", "time": "2020-02-15T22:33:06.000Z"}, {"author": "K. Ganesan Ganesan", "content": "All chinrsse scientidts are  participsting.", "score": "0", "time": "2020-02-15T22:30:51.000Z"}, {"author": "K. Ganesan Ganesan", "content": "Create regional working group.", "score": "0", "time": "2020-02-15T22:28:28.000Z"}, {"author": "K. Ganesan Ganesan", "content": "Solidarity created .Thanks to the repeated  merting .", "score": "0", "time": "2020-02-15T22:23:22.000Z"}, {"author": "Clement Tan", "content": "38:30 China done a great deed for the world. Why are there so many negative responses?", "score": "5", "time": "2020-02-15T19:36:43.000Z"}, {"author": "Dan Man", "content": "38:30 - Euro News asks about testing or if China pressured the WHO to say China's doing a good job", "score": "4", "time": "2020-02-14T21:00:50.000Z"}, {"author": "Dan Man", "content": "26:00 - Reuters asks about the management of the crisis", "score": "2", "time": "2020-02-14T20:52:57.000Z"}, {"author": "William", "content": "WHO cares?", "score": "1", "time": "2020-02-14T19:12:40.000Z"}, {"author": "Kevin 213", "content": "WHO just a talking head.", "score": "0", "time": "2020-02-14T17:44:12.000Z"}, {"author": "Dear Respected The Marshal", "content": "China money cannot help Wuhan Virus's patient.", "score": "1", "time": "2020-02-14T13:37:08.000Z"}, {"author": "Mark Hong", "content": "You are waste", "score": "1", "time": "2020-02-14T10:35:56.000Z"}, {"author": "Viw from the Sky", "content": "38:30 this man in incapable to handle WHO, is he a employee a of CCP?", "score": "0", "time": "2020-02-14T01:23:44.000Z"}, {"author": "g yu", "content": "who is not in the frontline", "score": "0", "time": "2020-02-14T00:56:28.000Z"}, {"author": "g yu", "content": "who had become cho embarassingly ?", "score": "1", "time": "2020-02-14T00:53:36.000Z"}, {"author": "phani sastry", "content": "Bunch of joker's and fools are these WHO  guys. Useless fellows and this organization should be dissolved. Every penny spent on them is waste of public money", "score": "1", "time": "2020-02-13T18:56:33.000Z"}, {"author": "Gabby", "content": "From the sounds of it we'll all need to wait for a vaccine to be developed to help with the prevention of this outbreak. At this time the only way that we see control and minimizing the outbreak is to quarantine those infected and those suspected of infection. This is an entire mess because in a previous WHO panel Q & A one of the speakers said \"we can not stop the entire world\" meaning we can't quarantine everyone.   \n\nDo you now understand why the public is nervous and upset? We just need straight forward answers, we might not like them but at least we have answers.", "score": "0", "time": "2020-02-13T17:56:22.000Z"}, {"author": "Gabby", "content": "All that coughing is making me nervous", "score": "1", "time": "2020-02-13T17:10:57.000Z"}, {"author": "Fire Google", "content": "I agree, I think China has done a great job at trying to stop the spread. From containing/transporting people in boxes and cells to economic fall, they've sacrificed a lot to keep it there instead of .....  Are the methods humane? .. ..", "score": "2", "time": "2020-02-13T13:00:13.000Z"}, {"author": "Johnnie", "content": "keep lying about that to yourself, shame on WHO.", "score": "2", "time": "2020-02-13T12:45:29.000Z"}, {"author": "Light ofDivine", "content": "People entire blocks being locked in - sealed up!! WHO are disgusting", "score": "5", "time": "2020-02-13T11:16:06.000Z"}, {"author": "Prophet YouTube", "content": "***COMMUNIST CHINA***\nMSM/WHO = PROPAGANDA\nCOVID = CHINA OBFUSCATED VIRUS IN DISINFORMATION", "score": "0", "time": "2020-02-13T10:40:52.000Z"}, {"author": "\u591c", "content": "CHO", "score": "3", "time": "2020-02-13T08:38:36.000Z"}, {"author": "brandx1020", "content": "60,300 cases now!!! Smh these people need to get it together", "score": "0", "time": "2020-02-13T05:14:37.000Z"}, {"author": "Green eyes", "content": "Trudeau responsible for the Corona virus...", "score": "2", "time": "2020-02-13T04:59:02.000Z"}, {"author": "Green eyes", "content": "Makgoba wants action against those implicated in corruption . Hope that includes member of the UN..\n@ukwM via @YouTube", "score": "0", "time": "2020-02-13T04:58:27.000Z"}, {"author": "kosa kata", "content": "WHO = Wuhan Health Organization", "score": "29", "time": "2020-02-13T04:50:00.000Z"}, {"author": "\u795e\u67f4", "content": "38:30 World Health Organization\uff08X\uff09China Health Organization\uff08O\uff09\nSuggest FBI should investigate this person's bank account", "score": "23", "time": "2020-02-13T04:49:29.000Z"}, {"author": "tancomail", "content": "CHO Director-General", "score": "3", "time": "2020-02-13T04:33:40.000Z"}, {"author": "UNOLIN \u56db\u57ce\u9109\u4e8b", "content": "WHO=WuHan\u2019s OWN (\u6b66\u6f22\u81ea\u5bb6\u6a5f\u69cb/\u7d44\u7e54)\r\nWHO=WuHan OWNED (\u6b66\u6f22\u6240\u64c1\u6709\u7d44\u7e54)\r\nWHO=WuHan ORIGINATED (\u6b66\u6f22\u8d77\u6e90/\u8d77\u6e90\u81ea\u6b66\u6f22)\r\nWHO=WIDESPREAD HAZARDS OPERATION (\u6bd2\u7269\u5ee3\u50b3\u884c\u52d5)", "score": "7", "time": "2020-02-13T04:09:49.000Z"}, {"author": "C0NDEV1L", "content": "Do more please.", "score": "1", "time": "2020-02-13T03:44:46.000Z"}, {"author": "jackktw", "content": "China cover up the true severity for 6 weeks, this is what WHO call \u201cimmediately action from China?\u201d If WHO cannot read Chinese or English journals, there are 1.4 billion people can read Chinese. Corrupted lying WHO Chairman should step down!!!!", "score": "6", "time": "2020-02-13T03:39:57.000Z"}, {"author": "Eugene X", "content": "Number of cases has stabilized. Nothing to see here, go back to work.\ud83d\ude44", "score": "0", "time": "2020-02-13T03:31:12.000Z"}, {"author": "Ray Liou", "content": "WHO->CHO", "score": "18", "time": "2020-02-13T03:17:54.000Z"}, {"author": "Cindy Rose", "content": "With the loss of so many lives due to Coronavirus...\nWe realize how fragile we all really are and how our lives can dramatically change in an instant. Do you ever wonder, is this all there is? Live today die tomorrow? Please know, this is not all there is. There is a God who knows you and loves you. He created you as an eternal being and desires for you to spend your eternity with Him in Heaven. Because sin has seperated us from God, He provided the way back to Him, through His Son Jesus Christ. There is no other way to Heaven... You can not get to Heaven on your own accord... Your good deeds, being a good person, your church, your money... Can not save you... Only Jesus Christ can save you!!!\n\nWHAT TO DO...\nGo to Jesus Christ with a humble heart. Repent and put your trust in Jesus Christ as your Lord and Savior.\n\nAN EXAMPLE PRAYER:\nJesus Christ, I come to you a sinner, I repent of all my sins and ask for your forgiveness. I believe you are the Son of God, that you went to the cross, died in my place, paying my sin debt and that you were buried & rose on the 3rd day to everlasting life. Jesus, right now, I choose to receive you as my Lord and my Savior, trusting in you alone for my salvation. I surrender my life to you and ask for your will to be done. I invite your Holy Spirit to come into my heart to make me more like you. Thank you for your forgiveness. Thank you for filling me with the Holy Spirit and for your gift of eternal life in Heaven. Amen!\n\nNOW WHAT:\nBeing a Christian is all about relationship. You grow in your relationship with God as you spend time with Him, in your Bible, in prayer, in time of worship and praise. I suggest reading the gospel of John first, and then read the books that apostle Paul wrote, Romans through Philemon.", "score": "1", "time": "2020-02-13T02:45:46.000Z"}, {"author": "K. Ganesan Ganesan", "content": "We do not say any Information now '\nWorld Health organisation informed to press.prople will not accept this.", "score": "1", "time": "2020-02-13T02:17:04.000Z"}, {"author": "Captain Of A Starship", "content": "At this point we can't blame who, they are right that we have a chance at this very point and it shouldn't be wasted.. but for China, we will see.", "score": "0", "time": "2020-02-13T01:54:15.000Z"}, {"author": "anonycuss5114 lane", "content": "really diddnt answer any questions", "score": "31", "time": "2020-02-13T00:19:37.000Z"}, {"author": "Daniel Craig", "content": "Phase 1 of agenda 21. Who knows exactly what's going on.", "score": "10", "time": "2020-02-13T00:08:17.000Z"}, {"author": "Rune Jensen", "content": "\"Its time for peace and solidarity. i TANK you!\"", "score": "0", "time": "2020-02-13T00:08:15.000Z"}, {"author": "JE Hoyes", "content": "If this is tracked back to one of China\u2019s live animal and wild animal markets, The Chinese government will have to get on top of those places and bring in strict animal husbandry, slaughter and butchering practices.", "score": "0", "time": "2020-02-12T23:46:50.000Z"}, {"author": "Andy Eccentric", "content": "Until travel restrictions are advocated, you have zero credibility and you are universally ignored.", "score": "29", "time": "2020-02-12T23:41:09.000Z"}, {"author": "WARLLY LUDOVIC", "content": "Virus created in a laboratory for population reduction, UN war funding organization. People are waking up \ud83d\ude4f", "score": "13", "time": "2020-02-12T23:01:15.000Z"}]}