{"posted_time": "2020-03-22T18:42:13.000Z", "gathered_timestamp": "2020-04-10 23:06:23.742319", "link": "https://www.youtube.com/watch?v=c92-7aO17cA", "title": "Coronavirus around the world: March 22, 2020", "comments": [{"author": "Beat Worship", "content": "Empty hospitals, empty emergency centres, piles of unused equipment, no queues, no bodies, nothing but big words and zero actual proof. Get a grip people", "score": "0", "time": "2020-04-10T13:46:11.000Z"}, {"author": "HtX HalliTroniX", "content": "11 22 33", "score": "0", "time": "2020-04-09T22:04:56.000Z"}, {"author": "StarkillerGoose", "content": "What are they going to do with the torch?", "score": "0", "time": "2020-03-25T14:18:03.000Z"}, {"author": "Cherian Mathai", "content": "This is why China needs to be sued for damages. There will be huge losses.", "score": "0", "time": "2020-03-25T11:52:47.000Z"}, {"author": "David Senger", "content": "What will happen if mass murders happen THEN it's all  over with an  World wide economic collapse  hello Gaia", "score": "0", "time": "2020-03-25T09:29:04.000Z"}, {"author": "jess jesse", "content": "China got 16 city experiment with 5G stations ! See the results spread disease , get worse each day ! Are you deaf stooopeth or extreemly dumb dude ? Dhemn ?", "score": "0", "time": "2020-03-24T23:15:27.000Z"}, {"author": "jess jesse", "content": "Wuhan got 5g stations testing ! 5 G is cancer , hartfailure , memmory lost , blindness , damages dna cells ! Did you listen to 3G danger ..? No you didnt ! Suffer or get awake dude ? Are tou dumb or what ...?", "score": "0", "time": "2020-03-24T23:14:00.000Z"}, {"author": "Carl Wakeling", "content": "CORONAVIRUS\ud83d\ude37 IS MORE SERIOUS THAN STUPID OLYMPICS", "score": "0", "time": "2020-03-24T21:07:13.000Z"}, {"author": "Kramas Music", "content": "Meanwhile people in North Korea are like, \u201cWho\u2019s Covid?\u201d", "score": "12", "time": "2020-03-24T11:17:55.000Z"}, {"author": "\uad8c\ud798\ucc2c", "content": "Cheer up, everyone.\nWe will never give up and will surely find a solution.\nAs always...", "score": "0", "time": "2020-03-24T11:04:58.000Z"}, {"author": "GAMER GALAXY", "content": "I love Islam, Islam does not teach to eat unhealthy foods that can be harmful to humans.", "score": "0", "time": "2020-03-24T10:22:44.000Z"}, {"author": "Mike", "content": "Thanks China. Bunch of ....", "score": "0", "time": "2020-03-24T08:07:33.000Z"}, {"author": "Usa mabaho", "content": "Cancel.\nNaps lie about no cases,,, \nMoney and power is death today, don't go", "score": "0", "time": "2020-03-24T05:17:07.000Z"}, {"author": "\uae40\uc6b0\uc77c", "content": "If one player is impacted, During Olympic season, the player's teammates should do self isolation for two weeks. It's unfair", "score": "1", "time": "2020-03-24T04:45:28.000Z"}, {"author": "MLKWY", "content": "The Olympics 2020 is truly, fcked.", "score": "1", "time": "2020-03-24T04:15:28.000Z"}, {"author": "Bari Forever", "content": "Japan: \"The Games will go on!\"\r\nCanada, Australia: \"We will boycott Tokyo 2020\".\r\nWorld: \"We will also boycott it\".\r\nJapan: \"We are first place of Olympic games in number of medals!\"", "score": "4", "time": "2020-03-24T03:37:06.000Z"}, {"author": "Kenjie Mandeve", "content": "2:47 I thought im watching world war z...", "score": "1", "time": "2020-03-24T03:07:00.000Z"}, {"author": "James Hisense", "content": "This Coronavirus (COVID- 19) started in Wuhan, China. There are rumors saying that it was a biological weapon made in China that got released due to China's lack of proper safety and security protocol in their lab. If it is true then, China claiming it to be a mysterious virus is unwarranted since, they created it themselves and China claiming it to be a mysterious virus is just them trying to shift the blame away from them.", "score": "0", "time": "2020-03-24T02:03:20.000Z"}, {"author": "Alex", "content": "United States\nCoronavirus Cases:\n43,469\nDeaths:\n545\nRecovered:\n295", "score": "1", "time": "2020-03-24T00:05:26.000Z"}, {"author": "Felipe Correa Vieira", "content": "Wuhan pneumonia", "score": "0", "time": "2020-03-23T20:08:43.000Z"}, {"author": "dino cali", "content": "Why don't cancel this Olympic?", "score": "0", "time": "2020-03-23T19:25:54.000Z"}, {"author": "sanujit roy", "content": "Olympics to be delayed", "score": "0", "time": "2020-03-23T17:50:38.000Z"}, {"author": "pretty selected", "content": "Military investments & guns can't save anyone now...\ud83d\ude42", "score": "0", "time": "2020-03-23T15:59:28.000Z"}, {"author": "Lim Fay Lin", "content": "Corona won't stop.. U want to know\nCorona... Catastrophes.. Combat.. Crash.. Captive.. Chip or Chop Ceased.", "score": "0", "time": "2020-03-23T13:15:50.000Z"}, {"author": "polarized wave horizontally", "content": "Japan is just crazy!", "score": "0", "time": "2020-03-23T12:04:00.000Z"}, {"author": "Tesh Games", "content": "It\u2019s almost if the world is telling us to relax a bit", "score": "0", "time": "2020-03-23T11:58:59.000Z"}, {"author": "Lynette Ray", "content": "All sports events should be cancelled worldwide until next year. We need to understand this virus has us by the balls for a while.", "score": "0", "time": "2020-03-23T10:44:04.000Z"}, {"author": "General El-Nino ElNino", "content": "When they said 60% of world population will be infected, that was damn true. The worst is yet to come. Oh God help us \ud83d\ude4f", "score": "5", "time": "2020-03-23T10:21:26.000Z"}, {"author": "Svetla Nikolova", "content": "My country is acting asif we are at war. They are spreading panic and we are at lockdown not to mention you need papers to go to a pharmacy", "score": "0", "time": "2020-03-23T10:17:40.000Z"}, {"author": "Tukki tan", "content": "What's the problem in holding Olympics next year? Human lives are more valuable than some medals.", "score": "9", "time": "2020-03-23T09:52:36.000Z"}, {"author": "Meshari Manie", "content": "Stay strong", "score": "0", "time": "2020-03-23T09:34:56.000Z"}, {"author": "J", "content": "This year Olympic will be postponed for sure...even Tokyo will incurred loss for this year Olympic as audiance  may avoid crowded places", "score": "0", "time": "2020-03-23T09:00:08.000Z"}, {"author": "Yeon Jae Lee", "content": "This is just a push in the communistic direction.", "score": "0", "time": "2020-03-23T08:02:13.000Z"}, {"author": "rj f", "content": "ya", "score": "0", "time": "2020-03-23T06:31:40.000Z"}, {"author": "what's up", "content": "Hold on....wait till june30!", "score": "0", "time": "2020-03-23T06:28:28.000Z"}, {"author": "Jum9 P", "content": "If we don't stop the Olympics, it's going to be a death festival.", "score": "62", "time": "2020-03-23T06:21:58.000Z"}, {"author": "DadeReamer", "content": "The IOC and Japan, it seems, unofficially decided to postpone the Olympics to Autumn 2020 or Summer 2021. They said that cancellation is NOT an option and would do everything they could for the athletes around the globe. It will be officially announced soon.", "score": "3", "time": "2020-03-23T05:55:16.000Z"}, {"author": "Tom Ski", "content": "Thank the Chinese Communist Party for spreading misinformation and not allowing Western experts access. \nWe would have all the information 2 months ago.", "score": "1", "time": "2020-03-23T05:52:21.000Z"}, {"author": "Tom Ski", "content": "Most countries under-reacted initially, now they are overreacting.", "score": "7", "time": "2020-03-23T05:49:16.000Z"}, {"author": "pat fonta", "content": ".    i am sorry   Kim Jung  Kunnieee\n \n from Tony  the  Sicily Code kid", "score": "0", "time": "2020-03-23T05:44:52.000Z"}, {"author": "Laker Madness", "content": "Somebody please remind me\nwho won the 2016 Olympic\ngold medal \ud83c\udfc6 in\nRhythmic Gymnastics...\n Hmmm???  I thought so...", "score": "2", "time": "2020-03-23T05:34:57.000Z"}, {"author": "COVID-19 CORONA VIROUS", "content": "Corona will be defeated \ud83d\ude37\ud83d\ude37\ud83d\ude37\ud83d\udc89\ud83d\udc89\ud83d\udc89\ud83d\udc8a\ud83d\udc8a\ud83d\udc8a\ud83e\udd12\ud83e\udd12", "score": "0", "time": "2020-03-23T05:02:17.000Z"}, {"author": "Laker Madness", "content": "NOBODY cares about Olympics\nBoooring\ud83d\udca4", "score": "3", "time": "2020-03-23T04:33:39.000Z"}, {"author": "Arjuna", "content": "COVID-19 = Chinese Origin Viral Disease - 2019", "score": "1", "time": "2020-03-23T04:22:15.000Z"}, {"author": "D. S.", "content": "Some really good people would not go there, but if you think about, vodka is a good virus killer.  That is what I do is wash my hand with soap and follow it up with a Vodka wash hands, arms an face.  Even money I get as change I wash them.  It is that I am old and want to live.", "score": "0", "time": "2020-03-23T04:14:41.000Z"}, {"author": "me me", "content": "To me, they are making such a big deal about this virus. 5.5 billions people is the population of the earth, approximately 13.000 people die . Is called natural selection.", "score": "0", "time": "2020-03-23T04:11:28.000Z"}, {"author": "WannaBe Hipster", "content": "*Coronavirus:* \u25aaExists\u25aa\n*Governments:* Avoid Social Gatherings! \n*People of Gen Y and Z:* Let's go to the beach and party! \ud83d\ude02\ud83d\udc4a\ud83c\udffc", "score": "3", "time": "2020-03-23T03:51:44.000Z"}, {"author": "Gundam Magic", "content": "I really wanna know the reason why Japan is not endorsing the postponement of the Olympic. I would gladly take this postponement since I will have my graduation trip in the summer 2021.", "score": "0", "time": "2020-03-23T03:41:16.000Z"}, {"author": "paul Drake", "content": "THis plan will NOT work-think about it!!", "score": "1", "time": "2020-03-23T03:34:32.000Z"}, {"author": "paul Drake", "content": "The world is going CRAZY!!\u00a0 No need.", "score": "2", "time": "2020-03-23T03:33:49.000Z"}, {"author": "Facts Only", "content": "How stupid can this situation get, a virus that has no vaccine, spreads like crazy, kills old and young, healthy and weak, as if these Olympics are that important to showcase, when viewership has been declining over the years, athletes are using enhancing means and not getting caught, where most athletes do not get medals and this country counting medals done by the media is overhyped  in the month when in the end when its over no one will remember who won what. The Olympic movement is big business now and has nothing to do with the spirit of sportsmanship.", "score": "0", "time": "2020-03-23T03:26:21.000Z"}, {"author": "Amy Knorr", "content": "It is my statement that Lisa Bullock, Jennifer Meagher and Polita Barnes formally Peggy Rissotti, had an assignment for Russia, to work toward shielding information to and from Amy Knorr, myself, all of my life from my birth on June 22, 1968 until present.\n\nTarget information: the Ulster NatWest Vault account, Donald Knorr's Will, The National Trust, the Royal Public Compensation Program, any proposed entertainment projects, especially the documentary series, the Royal Family, any proposed vocational plans in government, my government reports, information about Mata Hari.\n\nThe goals: facilitate theft of my vault account, creative ideas, vocational plans, compensation program business properties, halt and block the documentary series, make future Royal plans without Amy Knorr.\n\nRequired to complete the process: the death of Amy Knorr.\n\nBrad Knorr planned to do a documentary about Pygmalion.\n\nMatt Lukin is the one with the information about the bloodline of Ville Valo losing his St. Louis Senate idea to Polita Barnes' bloodline. Matt Lukin planned to do a documentary about St Louis during the reign of Marie Antoinette.\n\nDan Peters had a finished proposal for Llewellyn the Great.\n\nAmy Knorr, myself, in addition to previously submitted documentary subjects, wanted to work on the introduction to Egyptian Latin as the written and spoken language of Egypt.\n\n\"Island Magic\" anchored islands; Bermuda, Haiti, Manhattan...\n\nI also plan: The Hudson Expedition, Kuan Yin's Mongolia, Versailles, Food documentaries.\n\nCeline Dion wanted to work on a documentary about Wales.\n\nMillie Bobbybrown and others wanted to work on a documentary about the Pennsylvania Dutch, as well as the Royal Family's contributions across America.\n\nMany signed up for the project.\n\nThe Nigerian mafia had been working with Russia in the murder plot against Marilyn Monroe.\n\nThe old Nigerian underworld is now part of the American underworld.\n\nJFK was the Ancient World Fixed Twin Soul of Marilyn Monroe, parted 2600 years ago.\n\nSylvia Plath had been their bloodline daughter.\n\nIf Nigeria was working to finish the job against Amy Knorr, bloodline descendant of Marilyn, then the American underworld, which infiltrates the American government, is helping Russia in the murder plot against Amy Knorr.\n\nOther American underworld operatives: Roxanne CNA of Country Villa, Patricia of Budapest, Eric Wilson of Sublime.\n\nIs the excessive Corona virus propaganda part of an elaborate cover for a murder that permits underworld take over?", "score": "0", "time": "2020-03-23T03:26:09.000Z"}, {"author": "miss Zaafrani", "content": "They should be worrying about vaccine get rid of this virus not some games that are worthless right now", "score": "1", "time": "2020-03-23T03:20:54.000Z"}, {"author": "Kerkopes", "content": "Japan: \"The Games will go on!\"\nVirus: \"Hold my Corona.\"", "score": "55", "time": "2020-03-23T03:20:38.000Z"}, {"author": "Gabby C", "content": "Fine post pone only no canceling !!!!", "score": "0", "time": "2020-03-23T03:20:34.000Z"}, {"author": "wantafanta01", "content": "japan has it under control tbh.. more so than most countries.. they could do it if they mandate a quarantine before you can attend..", "score": "0", "time": "2020-03-23T03:18:15.000Z"}, {"author": "Tron Nort", "content": "anything to keep Trumps crack down on global corruption out of the news.", "score": "0", "time": "2020-03-23T03:15:54.000Z"}, {"author": "Sleaze Marko", "content": "It's just a flu, I had it before and I am fine. Everyone can get it and there's nothing to be afraid of.", "score": "0", "time": "2020-03-23T03:10:37.000Z"}, {"author": "longrider", "content": "People should remember what infectious disease specialists tell us about coronaviruses.... yesterdays pandemics are today's seasonal flu's so this \"pandemic\" will be tomorrows seasonal flu.", "score": "0", "time": "2020-03-23T02:59:47.000Z"}, {"author": "Chairman Mao", "content": "Japanese did not foresee the west couldn't contain virus as they did", "score": "4", "time": "2020-03-23T02:50:56.000Z"}, {"author": "Men\u2019s Fashion Guide", "content": "What do u guys except \ud83e\udd37\ud83c\udffb\u200d\u2642\ufe0f\ud83e\udd37\ud83c\udffb\u200d\u2642\ufe0f it\u2019s End times y\u2019all r blind to see that government is not wit us but against us. I said it before I\u2019ll said it again, y\u2019all need to wake up!!!!!!! And repent!!!", "score": "1", "time": "2020-03-23T02:45:07.000Z"}, {"author": "dynoacid", "content": "Please I just wanna live live so I can continue to live  this nightmare of a world please!!!!", "score": "6", "time": "2020-03-23T02:42:16.000Z"}, {"author": "Ron Estrada", "content": "Jubilee for all", "score": "0", "time": "2020-03-23T02:37:54.000Z"}, {"author": "Cheryl Ng", "content": "MASKS DO NOT PREVENT YOU FROM GETTING THE VIRUS. BUT WHY ALL MEDICAL PERSONNEL WEAR MASKS. I FEEL MASKS DEFINITELY REDUCE THE CHANCES OF YOU GETTING VIRUSES, REDUCE CHANCES OF YOU TOUCHING YOUR FACE, REDUCE SPLASH DAMAGE FROM COUGH DROPLETS. I FEEL THAT PEOPLE WHO SAY MASKS ARE USELESS WANT TO PREVENT US FROM GETTING MASKS SO MEDICAL PERSONNEL HAVE ENOUGH SUPPLIES. TELL ME I AM RIGHT.", "score": "4", "time": "2020-03-23T02:33:45.000Z"}, {"author": "rizo 5000", "content": "BIO-WEAPON FROM CHINA.....!!!!", "score": "1", "time": "2020-03-23T02:28:44.000Z"}, {"author": "Rizal Jose", "content": "This is all a hoax", "score": "2", "time": "2020-03-23T02:26:31.000Z"}, {"author": "Vincenzo Deleo", "content": "2019 E bike motorcycle summer 20 V a how do do you change the speed on", "score": "0", "time": "2020-03-23T02:00:30.000Z"}, {"author": "Willy Strutz", "content": "What a terrible report. Your goal here is to worry. You need to put context on all this. Not just pick and choose what will worry Canadians and publish it in search for ad revenue. Really ashamed as I hoped our media would be more for the people at this time rather than profits.", "score": "0", "time": "2020-03-23T01:13:56.000Z"}, {"author": "Jean-Francois Saine", "content": "Majority of pandemic viruses are a result of our relationship with animals, namely, how we \"farm\" and kill them for dietary consumption. \n\nIf you want these pandemic diseases to end, stop eating animal products.\n\nSome sources of pandemics you may want to know about:\n\nMeasles = Cows\nSmall Pox = Camels\nWhooping Cough = Pigs\nTyphoid Fever = Chickens\nInfluenza = Ducks\nLeprosy = Water Buffalo\nCommon Cold = Horses\nEbola = Fruit Bats\nAids = Non-Human Primates", "score": "0", "time": "2020-03-23T01:05:26.000Z"}, {"author": "Jeff Whitney", "content": "Postpone til 2030", "score": "6", "time": "2020-03-23T00:38:45.000Z"}, {"author": "Stormrunner0002", "content": "For their protection the World should delay the games.", "score": "22", "time": "2020-03-23T00:31:00.000Z"}, {"author": "James Garcia", "content": "Boycott the Olympics.", "score": "20", "time": "2020-03-22T23:55:35.000Z"}, {"author": "Uffi Sachs", "content": "Trump wants to help North Korea with combating the pandemic...is this a joke? Trump cant even get a handle on the virus in the USA.", "score": "0", "time": "2020-03-22T23:34:40.000Z"}, {"author": "JuniJuin Enero", "content": "South Korea ftw", "score": "11", "time": "2020-03-22T23:27:37.000Z"}, {"author": "Lanis Davey", "content": "Give it a freakin break!  What\u2019s more important the Olympic Games or the lives of human beings! Stop it!!!", "score": "2", "time": "2020-03-22T22:51:10.000Z"}, {"author": "P 500", "content": "Purge round dis muf.... Ring the alarm....", "score": "0", "time": "2020-03-22T22:26:49.000Z"}, {"author": "Barbara C", "content": "Did u see the ear thermometer sheesh that puts everyones germs in all ears unless theres a new cap put on each person", "score": "3", "time": "2020-03-22T22:26:15.000Z"}, {"author": "Nicki Snyder", "content": "Trump needs to worry about his own country. He has botched the Corona response worse than ANY country so far. He should be talking to South Korea, not North Korea, to find out how to properly respond.", "score": "2", "time": "2020-03-22T22:04:33.000Z"}, {"author": "Songmi Ahn", "content": "If Japanese goverment desperately want to go on Olympic games, then do with your people's life to be sacrificed. Then your government will be prosperous in economy.", "score": "2", "time": "2020-03-22T22:03:40.000Z"}, {"author": "Barbara C", "content": "ISRAEL is testg covid 19 in grps of 50 people tog. and has a mask that kills viruses that can be bleached . God's blessing comes out of Zion.", "score": "0", "time": "2020-03-22T21:55:21.000Z"}, {"author": "19lance20", "content": "For your own safety listen to the government. For your own survival, listen to the TRUTH.", "score": "11", "time": "2020-03-22T21:43:51.000Z"}, {"author": "T. I .", "content": "Got Jesus Christ Everyone?", "score": "20", "time": "2020-03-22T21:28:47.000Z"}, {"author": "Invernicasa Real Estate Nicaragua", "content": "Believe it or not, Ortega's corrupt socialist regime (recently sanctioned by the USA) 1st called and forced public employees to march to welcome COVID 19, providing the perfect environment to spread the pandemic among their fans.  2nd then Orients his Fans to visit home x home to contribute to the spread of those who do not attend their marches, 3rd The use of masks and gloves has been prohibited so as not to create alarm in the population.  4th Declares that there is free mobilization in the country and that only acts of protests against the state will be arrested.  5th Not closed the schools nor the universities likewise the personnel cannot use neither mufflers nor gloves so as not to create alarm in the population (however their more than 20 grandchildren do not go to classes) .... today Sunday March 22 called for  a Children's Morning and other activities ...... Haaaa but most importantly.  The Dictatorship has requested a loan from the IMF of 470 million dollars to \"convatir the virus that gave the Welcome\"", "score": "1", "time": "2020-03-22T21:19:46.000Z"}, {"author": "Paula Radermacher", "content": "Das macht mir ANGST. Hier zeigen die, wie die Zahlen in die H\u00f6he schnellen @ und bei TAGESSCHAU nur ein Thema. CORONA. \nEs ist wahnsinnig, wie die Zahlen explodieren, insbesondere in Italien. Hier schaut es euch an, was passiert, wenn nicht Zuhause bleibt @.", "score": "0", "time": "2020-03-22T21:16:33.000Z"}, {"author": "ET Baby", "content": "Everything from China is evil. The Kung-Flu is just the latest iteration......", "score": "5", "time": "2020-03-22T21:14:01.000Z"}, {"author": "kali koka", "content": "Shut this batch down..........titor trump rules the world", "score": "0", "time": "2020-03-22T20:29:48.000Z"}, {"author": "James Hetfield", "content": "Send out massive amounts of choloqurine + zpack, remdesivir, injectable vitamin c, everything that showed good results in asia. Cut ALL red tape on treatments especially for critical cases. The current western treatment is stay on a respirator, live for an extra day, then die. This is a grand failure in how this has been handled so far.", "score": "3", "time": "2020-03-22T20:29:11.000Z"}, {"author": "Audio Production/Music Production Course", "content": "I got it. The nature is killing us for eating animals and pollution. If you don't do it you allow other people to do it. So it's your fault anyway", "score": "1", "time": "2020-03-22T20:17:25.000Z"}, {"author": "Robert Jeglum", "content": "Help for north Korea and no help for home. He's probably lying to Kim to.", "score": "1", "time": "2020-03-22T19:57:56.000Z"}, {"author": "Robert Wong", "content": "Of cause, the money is more important than anything. What pandemic?", "score": "1", "time": "2020-03-22T19:40:14.000Z"}, {"author": "T Mclean", "content": "I'm touching myself is that ok?", "score": "0", "time": "2020-03-22T19:39:08.000Z"}, {"author": "Scott Bowen Kelly", "content": "I'm Going To Save The Tokyo 2020 Olympics With Some More Money To Help Japanese President Abe And Even President Mori To Help Fullfill Their Olympic Dreams So Please Everyone I Still Need Your Help on This Not Just Me But To All The People To The Whole World I Know For a Fact The Coronavirus Won't Last Until Spring in April And Summer in July So Let's Fight This Virus And Win Our One Step Towards Freedom Hope Lights The Way", "score": "0", "time": "2020-03-22T19:26:38.000Z"}, {"author": "wakechester", "content": "Spring Break Florida kids...Baldy need a culling.", "score": "0", "time": "2020-03-22T19:23:30.000Z"}, {"author": "Miguel Mouta Mouta", "content": "Mankind deserves what it makes.", "score": "12", "time": "2020-03-22T19:20:01.000Z"}, {"author": "Legalzinha Maria", "content": "*COVID-19 follows the line of viral diseases. We are mourning the victims of COVID-19, but the quarantine will lead to the LARGEST RECESSION in history. High price for a disease that victimizes a fraction of patients with serious impairments. Gives new meaning to the expression END OF THE WORLD. It can only be related to the suffering of those maintained by rituals.*", "score": "0", "time": "2020-03-22T19:18:12.000Z"}, {"author": "Missy Gilly", "content": "No Olympics this year! It\u2019s hard to believe any country would send it\u2019s athletes with Convid-19 & closed borders! They can\u2019t be serious that they aren\u2019t postponing the games. Smh.", "score": "39", "time": "2020-03-22T19:17:45.000Z"}, {"author": "Kody Adams", "content": "You know things are going to get a LOT worse , when AMAZON Triples the price of their CYANIDE pills \ud83d\udc8a!", "score": "18", "time": "2020-03-22T19:13:31.000Z"}, {"author": "Tyrone Lewis", "content": "Just do one of those online videogame Olympics, that's what Japan is known for right? With their Nintendos and their Sonys.", "score": "16", "time": "2020-03-22T19:12:37.000Z"}, {"author": "Lyle L", "content": "SEND TRUMP over to North Korea  and feed him BATTS with plum sauce.", "score": "0", "time": "2020-03-22T19:10:56.000Z"}, {"author": "Lyle L", "content": "Stop now if everyone goes over there they will only have BATTS to eat and it will all start again. STOP eating Batts even if they do taste good especially with that plum sauce on them.", "score": "3", "time": "2020-03-22T19:09:12.000Z"}]}