{"posted_time": "2020-03-18T20:06:43.000Z", "gathered_timestamp": "2020-04-10 23:06:22.297325", "link": "https://www.youtube.com/watch?v=1pB0-nHF8Jc", "title": "Coronavirus around the world: March 18, 2020", "comments": [{"author": "Iris lol", "content": "Coronavirus is only a kind of cold, if feeling ill can stay at home, other healthy persons outside activities no need to wear mask.", "score": "1", "time": "2020-03-25T13:17:54.000Z"}, {"author": "tony jones", "content": "Should of stoped along time ago dumb f doesn\u2019t even know what he has done", "score": "0", "time": "2020-03-25T00:46:33.000Z"}, {"author": "Frank Derik", "content": "expedditetools,com made a transfer of $16,000 to my account. They are very helpful.", "score": "0", "time": "2020-03-24T10:02:30.000Z"}, {"author": "Greyman137", "content": "Let's encourage PM Trudeau to step-down from his position as Prime Minister.  He is ineffective in his position. Let's hope his control measures doesn't bankrupt the country.", "score": "0", "time": "2020-03-23T03:35:12.000Z"}, {"author": "Hilal \u00e7evrim", "content": "\u00d6n\u00fcn\u00fcze  gelen boku yerseniz b\u00f6yle olur  do\u011fruysa +1", "score": "0", "time": "2020-03-22T23:48:52.000Z"}, {"author": "Mikhail Garasimchuk", "content": "If you want to receive salvation please pray with me:\nDear God, I\u2019m coming to You in the Name of Your Precious Son Jesus Christ.\nPlease forgive all my sins and take me my heart, and give me salvation in Your Precious Holy Blood ?\nAmen", "score": "0", "time": "2020-03-22T21:46:22.000Z"}, {"author": "Mikhail Garasimchuk", "content": "It\u2019s time to find God!\nGod and only Him will protect all of us!\nHe is in control!", "score": "1", "time": "2020-03-22T21:38:53.000Z"}, {"author": "Muhammad Rifki", "content": "This is more serious than resident evil zombie", "score": "3", "time": "2020-03-22T04:01:29.000Z"}, {"author": "Sam Chiu", "content": "Florida is nuts. If your friends from Florida want to visit, tell them now is not a good time! \ud83d\ude37", "score": "0", "time": "2020-03-22T02:29:55.000Z"}, {"author": "pat fonta", "content": ".                                    good   coMM-Men-tin-N   Gcim div #", "score": "0", "time": "2020-03-21T23:50:00.000Z"}, {"author": "pat fonta", "content": "i remember it code\nplaninN days code is cooL  \n\n.           wasn\"t  that     45*     degreeE       dimpoltic))))oooo            how do humans spell it                             question  \n\n\n\n\n.", "score": "0", "time": "2020-03-21T23:44:30.000Z"}, {"author": "JR", "content": "AS AMERICA SURRENDERS TO THE BEAST OF REV 13 TRUMP WILL BRING THE ENTIRE WORLD TO THE GOD OF THE OLD TESTAMENT AND IRON LAW.", "score": "0", "time": "2020-03-21T18:02:33.000Z"}, {"author": "Betty Dunn", "content": "Well done, the people making masks.", "score": "0", "time": "2020-03-21T17:54:45.000Z"}, {"author": "Jake Lawson", "content": "The virus likes parties too. It will come to your party to have fun and multiply.", "score": "2", "time": "2020-03-21T15:10:11.000Z"}, {"author": "Linda Whittle", "content": "Fact Checks on C Virus: From Doctors in China \r\nThick mucus blocks air ways in the lungs.\r\nThings to do :\r\n1) Drink hot liquids \u2013 sip warm water every 20 min. this will wash the virus into the stomach where the gastric juice neutralizes the virus before it can reach the lungs. Gargle with antiseptic\r\n mouth was every day. \r\n2)  The virus attaches to hair and cloths detergent kills the virus wash cloths when you get home. Bath or shower after outings. Avoid sitting on anything go straight to shower. If you cannot wash cloths daily hang in direct sunlight this will neutralize virus.\r\n3) Wash metallic surfaces virus remains viable for 9 days. Car handles \u2013 door handles-any surface that you may have touched.\r\n4) Wash hands every 20 min. with soap that foams for 20 seconds.\r\n5) Eat fruit and veg , increase zinc and vit c . Avoid eating and drinking cold things.\r\n6) Animals do not spread virus .It is person to person\r\n7) FOR ANY SORE THROAT GURGLE IMMEDIATELY THE VIRUS LIVES IN THROAT FOR 3 DAYS BEFORE IT GOES TO LUNGS.", "score": "0", "time": "2020-03-21T13:52:01.000Z"}, {"author": "wulfraed of Ivanhoe", "content": "Must watch  YouTube video by Gerry Zimmerman called RN DISCOVERS VACCINES contain CANCER cells \ud83d\ude2c please share.... Vaccines Bio weapons", "score": "0", "time": "2020-03-21T10:31:04.000Z"}, {"author": "Godwin Goodman", "content": "look at what people are doing,  worshiping idols, gay lesbians, God is against all this read Leviticus 18:1-30 and exodus 20:1-17", "score": "0", "time": "2020-03-21T06:22:58.000Z"}, {"author": "danny de leon", "content": "Groups no biger than 10 person ?? Thats not enough. And that only hurt our economy.  Or we go all the way lock up or dont do nothing", "score": "0", "time": "2020-03-21T06:03:45.000Z"}, {"author": "WilMar", "content": "We love Florida Gov.", "score": "0", "time": "2020-03-21T05:27:29.000Z"}, {"author": "Clement Shopov", "content": "The Italian health authorities say that more than 99% that died from the coronavirus had other serious illnesses. if the total amount of people dying is already low, at 3% in Italy, less than 1% of that 3% are true coronavirus deaths. These simple stats show that this illness is NOT serious at all. Bloomberg has the news article, see for yourselves.\n\n\n WAKE UP! this is a hoax designed to take your freedoms away through draconian laws!", "score": "0", "time": "2020-03-21T04:25:30.000Z"}, {"author": "i love ashley", "content": "Virus be living the life thoo", "score": "0", "time": "2020-03-21T04:13:22.000Z"}, {"author": "Seattle Reseller", "content": "Seattle was named the epicenter of the coronavirus outbreak in the United States when all this first started we have a huge diversity in all races and we are not under lock down and doing pretty good! People started before it was required. \nPlease stay home it will make all the difference in the world. I've not left my house but once in two weeks!!! Stick together be safe God Speed", "score": "0", "time": "2020-03-21T03:24:43.000Z"}, {"author": "Shakira Bells", "content": "goshhhh they should be done last month probably where almost done and the virus is not much spreading and to much people dying right now", "score": "0", "time": "2020-03-21T01:31:50.000Z"}, {"author": "XLR8RRICK Hudson", "content": "NO NEED FOR THE BACKGROUND MUSIC", "score": "0", "time": "2020-03-20T18:41:39.000Z"}, {"author": "KAOS", "content": "Trump said this has never happened before,,,,,, trump look back 1918 pandemic,, Spanish flu Ebola,, small pox,,, do your history   every hundred years, some thing pops out,,", "score": "0", "time": "2020-03-20T18:00:38.000Z"}, {"author": "Tomy Toma", "content": "China is terrorist country ,china must pay for everything !!!", "score": "0", "time": "2020-03-20T17:50:40.000Z"}, {"author": "Vanessa Bayardo", "content": "@F F I am californian, born and raised, I wish I could defend other californians from your statement, but how can I? They are blaming millenials. I am a millenial and I'm taking care.", "score": "0", "time": "2020-03-20T16:47:14.000Z"}, {"author": "cloud", "content": "THE END OF THE WORLLLDDDD", "score": "0", "time": "2020-03-20T16:32:22.000Z"}, {"author": "I Met You Today", "content": "Give them Black Seed Bitters.....Gye Nyame!!  \ud83d\ude4f\ud83c\udffe\u2764\ufe0f\ud83c\udf0d", "score": "0", "time": "2020-03-20T16:27:46.000Z"}, {"author": "Jonathan Grabban", "content": "Are you in need of face mask or alcohol based hand sanitizers to keep you constantly protected? Are you having troubles with the long queues at the stores in getting your required items? Do you want to get tested at the comfort of your home with a scientifically designed Russia test kit and get result in 18 hours? Do you also need the chloroquine and Zinc Treatment Combo to keep your immune system strong and fight off the virus? If yes, then I suggest you contact this professional hacker to save you from the present world crisis. Prevention is better than cure so please stay home and quarantine yourself. I\u2019m so happy that I got help from hacker Gavin. He is a professional online carting and medical hacker and I\u2019m glad that I contacted him for my desired needs and necessary pandemic essentials to keep myself safe without leaving the comfort of my home. He also shipped a scientifically designed Russia test kit to my home and I got tested myself without having to go to any hospital. It is a big risk going to the hospital to get tested as lots of positive patients are out there making it easier to contact the Covid-19 virus at the hospital. All I did was share my home address with hacker Gavin and I had all my orders and medical resources shipped to my door step conveniently. You can contact this great hacker \u201cGavin\u201d via Gmail\u00a0 (cyberhackinggenius) or text and speak to him directly on his phone and WhatsApp : +19256795146 and don\u2019t forget to thank me later!", "score": "0", "time": "2020-03-20T16:15:39.000Z"}, {"author": "cradle0fcthulhu", "content": "People all over should start making homemade masks to share. Maybe disinfect  things u buy from the store too, u don't know who's been touching that product or where it's from", "score": "0", "time": "2020-03-20T15:20:27.000Z"}, {"author": "Obi_wan Kanobi", "content": "We\u2019re all going to die from this \ud83d\ude2d\u2764\ufe0f", "score": "1", "time": "2020-03-20T13:56:04.000Z"}, {"author": "Varangian Tactical", "content": "Well its not the plague but... It'll do for now.", "score": "0", "time": "2020-03-20T13:45:15.000Z"}, {"author": "C Y", "content": "Those disgusting people on the beaches, your next stop is ICU congrats!", "score": "0", "time": "2020-03-20T12:26:17.000Z"}, {"author": "Christian Taylor", "content": "Thank you China!  Keep eating plague animals. Poor creatures in cages! This is nature fighting back", "score": "3", "time": "2020-03-20T11:46:33.000Z"}, {"author": "My life My Rules", "content": "Norwegians loved Corona so much...they now have a Corona law and a 14 day paid sick leave every year....\n\nDoctors are so dumb they only help the rich ...", "score": "0", "time": "2020-03-20T11:02:59.000Z"}, {"author": "yaps yakp", "content": "Coronavirus took 80% of country also greenland should we win or die? Comment me", "score": "0", "time": "2020-03-20T10:52:19.000Z"}, {"author": "BONG CHAN PENG", "content": "\ud83d\ude1eMust Stay home \ud83c\udfe0\ud83d\udc4d", "score": "1", "time": "2020-03-20T10:39:08.000Z"}, {"author": "Shagem Hele", "content": "Florida state is endangering the whole of the US. the politicians should be hanged.", "score": "0", "time": "2020-03-20T10:06:21.000Z"}, {"author": "Johnathon Lutz", "content": "I guess crossing into Canada through Roxham road an illegal border crossing is \u201cessential\u201d", "score": "1", "time": "2020-03-20T09:49:32.000Z"}, {"author": "One Truth", "content": "Every day more stupidity in action. Apparently viruses are not alive and are products of your body to de-toxify your body. Supposedly all vaccines are designed to give people whatever it is that it's supposed to fight.only time I got the flu was after foolishly getting conned by my doctor to get the shot. Was sick for 3 weeks. That was over 10 years ago. Now my body  detoxes twice a year. Weather change fall to winter and winter to spring. Lasts about a day or two, no fever, no aches, no pains, just a little running nose , a sneeze here and there, and done.  Don't have to ask, my body just does its job. Get another vaccine shot  for any reason... not in a thousand years. You want to put crap in your body? Be my guest.", "score": "0", "time": "2020-03-20T09:18:42.000Z"}, {"author": "Wilfred Gomez", "content": "I was watching this video shores full of beach goers, and something came to my sleeping brain about the VIRUS COVID, \" CAN THE VIRUS SURVIVE IN SEA WATER? IF NOT, LET US ALL HAVE A PLUNGE IN THE OCEAN, IF SEA WATER CAN USE TO CLEAN AND CLEAR UP THE COMMUNITY LIKE USING SEA  WATER TO SANITIZE AND DISINFECT THE STREETS WE GOT THE SOLUTION\" \n----WilfredGinnoGomez------+", "score": "0", "time": "2020-03-20T08:24:42.000Z"}, {"author": "Drew Shellnut", "content": "Global warming", "score": "0", "time": "2020-03-20T05:54:55.000Z"}, {"author": "Daniel Frederick", "content": "First thought is that if they closed the Mexico US border to non essential crossing someone somewhere would be offended and call it racist", "score": "1", "time": "2020-03-20T05:53:34.000Z"}, {"author": "CHRISTOur ETERNALJOY", "content": "It is so sad that the world is under the control of evil one (devil)(1John5:19).and in 2Corin.4:4 the god (fake) of this world blinded the mind of unbelievers.but The TRUTH is GOD ALMIGHTY (FATHER,WORD,HOLY SPORIT) is the CREATOR of the World and All Things therein(Acts17:24).in Rev.11:15 says that all kingdoms of this world become the Kingdom of THE LORD and HIS LAMB ,and HE shall REIGN For ever and ever.There is HOPE in GOD that is Why We should do What Israelites and Jacob did to Please GOD (Gen.35:2&1Sam.7:3) to Stop that corona virus that spread the whole world.", "score": "0", "time": "2020-03-20T05:44:50.000Z"}, {"author": "Marlen Medina", "content": "There Was a movie about  coronavuise and it from 2013!!!why dose every movie con to lifeeeee", "score": "1", "time": "2020-03-20T05:29:26.000Z"}, {"author": "Saiga Legacy", "content": "Just beginning on 2020, it\u2019s been devastating already. Yet heat waves, fires , crazy weather and storms are yet to come! +one big quake is imminent. Something we haven\u2019t seen before is coming within this year. You\u2019ll find out when we get closer to Summer. This is the time where you should stack up food supplies and build a bunker. I\u2019m ready. Good luck", "score": "0", "time": "2020-03-20T04:22:13.000Z"}, {"author": "CeMasked 27", "content": "Why do people dislike this vid?", "score": "2", "time": "2020-03-20T03:47:09.000Z"}, {"author": "joe 90", "content": "China owes Trillions in compensation", "score": "2", "time": "2020-03-20T01:06:02.000Z"}, {"author": "Isai D", "content": "You forgot to mention Toilet paper along with bread and rice lol!", "score": "0", "time": "2020-03-20T00:27:44.000Z"}, {"author": "Halina Sz", "content": "China virus killing  us ....I'm scared  for all of us ...!!!", "score": "8", "time": "2020-03-20T00:11:27.000Z"}, {"author": "atommachine", "content": "question everything say no to 5G", "score": "0", "time": "2020-03-20T00:06:02.000Z"}, {"author": "Tracy Bower", "content": "The UK needs to do the same to keep the migrants out.", "score": "1", "time": "2020-03-19T23:37:40.000Z"}, {"author": "Bryan Charles", "content": "The CDC\u2019s latest findings about coronavirus say if it comes in contact with toxic masculinity it can be extremely lethal. To keep the strong & independent women safe we Men must not help them during this crisis. They don\u2019t need us anyway\u2026be sure to remind them of that.", "score": "1", "time": "2020-03-19T23:33:25.000Z"}, {"author": "Sofia Diane", "content": "My mom and dad are constantly out it sucks", "score": "1", "time": "2020-03-19T23:19:36.000Z"}, {"author": "Amos Reed", "content": "The beaches and liquor helps against the virus", "score": "1", "time": "2020-03-19T22:12:37.000Z"}, {"author": "Douglas Renderos", "content": "Did you did a video for the haker", "score": "0", "time": "2020-03-19T21:52:43.000Z"}, {"author": "Viola Gentsch", "content": "Every 20 years there's a tragedy, a war. I hope this virus and earthquakes in Utah (were polygamy is a filthy lifestyle) are just the beginning of our Father finally answering our prayers. What's next? I hope Florida. \u270c", "score": "2", "time": "2020-03-19T21:41:22.000Z"}, {"author": "Just sum Random guy", "content": "I\u2019m so sick of my generation! god help us when war or a even more serious pandemic happens", "score": "7", "time": "2020-03-19T21:16:04.000Z"}, {"author": "Christopher Andrews", "content": "Lets not forget all top ceo officials that quit before this happened. Hmmm look it up", "score": "0", "time": "2020-03-19T20:35:27.000Z"}, {"author": "Gypsy Rowdy", "content": "I'm scared \ud83d\ude1e\ud83d\ude22", "score": "1", "time": "2020-03-19T20:08:26.000Z"}, {"author": "Scott Bowen Kelly", "content": "Please Get Rid of The Coronavirus Soon \ud83d\ude4f\ud83c\udffc", "score": "3", "time": "2020-03-19T19:55:28.000Z"}, {"author": "Lee King", "content": "Research EVENT 201", "score": "1", "time": "2020-03-19T19:32:20.000Z"}, {"author": "K", "content": "Trudeau is a liar. Why are flights still coming in from China? Illegals walking across the boarder into open arms. Disgraceful. Trudeau has failed Canada", "score": "1", "time": "2020-03-19T19:29:07.000Z"}, {"author": "duncan bond", "content": "Why don't I hear about the people recovering?", "score": "5", "time": "2020-03-19T18:52:51.000Z"}, {"author": "Camille Moore", "content": "What happens when people start not working?", "score": "1", "time": "2020-03-19T18:31:26.000Z"}, {"author": "Elizabeth Beckhusen", "content": "Tearing up here.  Making masks with the stores upholstering material and not even charging for the fabric cost.  Bless them for the good they do.  Pockets of good people - gives one hope", "score": "2", "time": "2020-03-19T18:12:41.000Z"}, {"author": "Martie K", "content": "How is the beach essential?? Do these kids not care about others.  If so that's heartbreaking.  The failure for us to pass dr own respect to youth is sad.  If we make it ... I hope that changes.", "score": "1", "time": "2020-03-19T17:56:18.000Z"}, {"author": "Martie K", "content": "Close the beaches", "score": "2", "time": "2020-03-19T17:54:10.000Z"}, {"author": "Siyabonga Sibiya", "content": "its TIME WE NEED ALIENS ASSISTENCE     /ALIENS /ALIENS/ALIENS.", "score": "8", "time": "2020-03-19T16:54:56.000Z"}, {"author": "firebird_SPLEEN", "content": "Pray to Jesus to heal our land", "score": "3", "time": "2020-03-19T16:23:34.000Z"}, {"author": "Divya Bansal", "content": "Let's pray together.. whoever read this msg.. nd reader belongs to any religion.. there is a power beyond our imagination.. \npray fr world\nPray fr human being who are fighting frm covid 19..", "score": "1", "time": "2020-03-19T15:22:05.000Z"}, {"author": "tommy greeneyes", "content": "Florida govenor needs his hands and feet smashed with sledge hammer. Keeps beaches open saves money by not policing corrupt demon. Causing longer spread times. Florida is the herpeee of america", "score": "4", "time": "2020-03-19T15:18:05.000Z"}, {"author": "slim pickinsworld", "content": "All the Politicians and News commentators sound like robots and how come they never have masks on while being outside? Maybe they know the truth and have been provided a vaccine:>(  Fear Mongers that's what this is all about and finally MONEY :>(", "score": "0", "time": "2020-03-19T15:14:34.000Z"}, {"author": "Torvic", "content": "Agent of Satan: Pope and PM", "score": "0", "time": "2020-03-19T15:09:04.000Z"}, {"author": "Torvic", "content": "Agents of Satan: Trump", "score": "1", "time": "2020-03-19T15:08:03.000Z"}, {"author": "Torvic", "content": "Agent of Satan: Merkel", "score": "0", "time": "2020-03-19T15:07:12.000Z"}, {"author": "Torvic", "content": "Agent of Satan: Johnson", "score": "4", "time": "2020-03-19T15:06:52.000Z"}, {"author": "Torvic", "content": "Agent of Satan: Trudeau", "score": "0", "time": "2020-03-19T15:06:16.000Z"}, {"author": "Jose Yorro", "content": "What???!!!! Only now!!!!", "score": "0", "time": "2020-03-19T14:31:22.000Z"}, {"author": "Jay Muller", "content": "And the governor of Florida says the restaurants can stay open for carryout orders. So the customers come in they stand 2 feet from the cashier sometimes 10 or 15 of them standing around waiting for their orders. What the hell's the difference from that and dining in? They are putting restaurant employees lives in danger just to please tourist.", "score": "0", "time": "2020-03-19T14:06:42.000Z"}, {"author": "L WGG", "content": "Ok. American citizens, please don't come to Europe.", "score": "29", "time": "2020-03-19T13:19:22.000Z"}, {"author": "CHARLIE IM", "content": "God bless Florida!", "score": "1", "time": "2020-03-19T12:51:23.000Z"}, {"author": "Allison Kelly", "content": "This Coronavirus Must Be Destroyed Soon So The Kids Can Go Back To School \ud83c\udfeb", "score": "6", "time": "2020-03-19T12:32:42.000Z"}, {"author": "Dave Hibbs", "content": "Florida governor is playing with FIRE!!! And you'll in Florida are about to get Burnt BIG time.", "score": "37", "time": "2020-03-19T12:16:43.000Z"}, {"author": "longrider", "content": "I just watched a youtube video on the 1918 Spanish flu pandemic which killed an estimated 100 million. It  peaked out within 2 months so it surged and was over quite quick but spread very fast and very far and wide. I hope this goes better than that did.", "score": "1", "time": "2020-03-19T12:05:47.000Z"}, {"author": "Carol P", "content": "The all globe is shut down while the politicians can go on with their plans. Good one!!", "score": "2", "time": "2020-03-19T11:09:21.000Z"}, {"author": "madquest8", "content": "Governments are lying about the death rate, it has to be 10-100 times worse, based on the responses that are being taken. FACT.", "score": "2", "time": "2020-03-19T10:22:02.000Z"}, {"author": "GADSUS", "content": "Florida beach will highly contribute to America's excellent outbreak of virus in a few days", "score": "34", "time": "2020-03-19T09:34:37.000Z"}, {"author": "agustin", "content": "The numbers are real?", "score": "0", "time": "2020-03-19T07:56:33.000Z"}, {"author": "Matthew B", "content": "I find it interesting that Russia doesn't seem to have any cases and yet they are right next to China, about 1700 miles apart? What's going on here? How are they immune to this?  Are we being set up for something bigger than this?", "score": "3", "time": "2020-03-19T07:33:21.000Z"}, {"author": "VeritasVirtus Libertas", "content": "HUMANITY VERSUS VIRUSES. WHICH EVIL WIN THIS WAR??", "score": "2", "time": "2020-03-19T07:33:13.000Z"}, {"author": "\u7530\u4e2d\u535a", "content": "\u300cchinese money love!!\u300dby Tedros", "score": "1", "time": "2020-03-19T07:10:52.000Z"}, {"author": "Jaylar", "content": "OH LORD JESUS I PRAY FOR THE HEALING TOUCH UPON THIER BODY MIND AND SPIRIT I BEG YOU TO REMOVE ANY FEAR OF ANXIETY FILL THEM WITH PEACE THAT YOU ALONE CAN GIVE I ALSO PLACE MYSELF COMPLETELY IN YOUR HANDS OH LORD JESUS WE TRUSTING YOUR CARE AND LOVE FOR US MAY THE RECOVERY BE SWIFT THIER STRENGTH RENEWED AND THIER HEALTH RESTORED I LIFT ALL THIER AFFLICTIONS IN YOUR HANDS FOR YOU ARE THE DIVINE HEALER WITH DIVINE MERCY FORGIVE US OUR SINS, HEAVEN AND EARTH WILL CHANGES BUT YOUR MERCY WILL NEVER BE EXHAUSTED, JESUS WE SURRENDER OURSELVES UNTO YOU!!! I BEG YOUR MERCY SAVE THE EARTH \ud83c\udf0d AND ALL\u00a0 OF THE WHOLE WORLD.,, AMEN!!!", "score": "0", "time": "2020-03-19T05:37:52.000Z"}, {"author": "Jaylar", "content": "O JESUS, I BEG YOUR MERCY AND\u00a0 ALL THE WHOLE WORLD \ud83c\udf0e I UNITE MY DESIRE THAT DESIRES YOU HAD ON THE CROSS I CALL UPON YOU AND BEG YOUR MERCY OF POOR SINNERS , O MOST SACRED HEART FOUNT OF MERCY FROM WHICH GUSH FORTH RAYS OF INCONCEIVABLE GRACES, BE MINDFUL OF YOUR\u00a0 OWN BITTER PASSION , AND DO NOT PERMIT THE LOSE OF SOULS REDDEMED AT SO DEAR A PRICE . O JESUS LET EVERY SOUL TRUST YOUR PASSION,\u00a0 AND PLACE IT\u00a0 HOPE IN YOUR MERCY, YOU WILL NOT DENY\u00a0 YOUR MERCY TO ANYONE\u00a0 HEAVEN AND EARTH MAY CHANGE BUT YOUR MERCY WILL NEVER BE EXHAUSTED, JESUS I DESIRES TO BRING ALL SINNERS TO YOUR FEET, THAT THEY MAY GLORIFY YOUR MERCY, THROUGHOUT YOUR MERCY ,\u00a0 THROUGHOUT ENDLESS AGES , I\u00a0 NOW EMBRACE THE WHOLE WORLD\u00a0 \ud83c\udf0d AND ASK YOUR MERCY FOR IT.. ,", "score": "1", "time": "2020-03-19T05:37:29.000Z"}, {"author": "Ima Virus", "content": "Give the youth a break you flower power people. Let them have a life that the over 70's have had. Reality", "score": "0", "time": "2020-03-19T04:35:47.000Z"}, {"author": "Nancy Nash", "content": "oh so all the virus on the trucks and sneezing on the produce can come through? The to the stores handled without gloves by dirty hands and customers who come and feel up all the produce and don't wear mandatory masks or gloves... yup sounds like a good plan.", "score": "1", "time": "2020-03-19T04:19:51.000Z"}, {"author": "Aesfeive Orein", "content": "economy is decreasing dramatically in other countries", "score": "2", "time": "2020-03-19T04:06:42.000Z"}, {"author": "Ronnie houston", "content": "I'm gonna call this historical event the coroneclips", "score": "0", "time": "2020-03-19T03:42:20.000Z"}, {"author": "User 1", "content": "Hope everyone dies", "score": "0", "time": "2020-03-19T03:37:00.000Z"}]}