{"posted_time": "2020-02-25T18:59:40.000Z", "gathered_timestamp": "2020-04-10 23:06:15.083239", "link": "https://www.youtube.com/watch?v=1vwshXayRQE", "title": "Coronavirus Outbreak (COVID - 19): WHO Update (25 February 2020)", "comments": [{"author": "Chuck Barnett", "content": "If the coronavirus comes in contact with toxic Masculinity it can become extremely lethal to strong independent women. Protect them by refusing to help, and remind them: they don't need a Man.", "score": "0", "time": "2020-03-21T15:18:33.000Z"}, {"author": "Michele Simko", "content": "John Q. Public. Has he said anything yet?", "score": "0", "time": "2020-03-08T18:19:59.000Z"}, {"author": "Chistoph", "content": "Y\u2019all do know that the flu has killed more people this year than this bs virus right , I mean if you don\u2019t have any immune issues you\u2019ll be fine. But you all let the media keep scaring you.", "score": "0", "time": "2020-03-07T12:57:09.000Z"}, {"author": "skelly2011211", "content": "I mean the testing could be down because people are severely quarantined. Security has been steadily tightened", "score": "0", "time": "2020-03-04T21:36:15.000Z"}, {"author": "skelly2011211", "content": "He just got off the plane from China that\u2019s why he\u2019s sitting solo lol", "score": "1", "time": "2020-03-04T21:20:20.000Z"}, {"author": "HOH", "content": "I've photographed the video and the comments. If they take this video down or shut off comments I will post the proof!!  By the way I have 10 years of CDC experience and I worked on a cruise ship where ur leadership was nothing less than appalling!", "score": "0", "time": "2020-03-04T02:23:00.000Z"}, {"author": "HOH", "content": "How about a priority list for families, in order of priority, like must have, good to have, if u have the funds etc. what they should stock up on.", "score": "0", "time": "2020-03-04T01:44:35.000Z"}, {"author": "HOH", "content": "What advice are u giving people, practically nothing!  Tell them to avoid public toilets it is aerosolized 200 m if someone has diarrhea. Tell them to put the lid down then flush.  Tell them to cook all their vegetables. How about telling them to use their cellphone thru a plastic baggy, use one card, no cash.  China is spraying their cash.  What are the long term effects from spraying virucidal chemicals???", "score": "0", "time": "2020-03-04T01:28:45.000Z"}, {"author": "HOH", "content": "Idiots!  This is the third time I've watched and they are still having audio problems.  Don't trust ur life 2 people who can't even get audio right.  Yeah, he should of been wearing a mask, but they can't because there are not enough for Joe civilian.  He was in China he should of been wearing a mask incubation up to 27 days!!!  And there is post illness shedding for 10 days!!", "score": "0", "time": "2020-03-04T01:15:23.000Z"}, {"author": "Chris Davison", "content": "We need to setting up, special isolation buildings, equipted with respirators. Now", "score": "0", "time": "2020-03-03T15:21:21.000Z"}, {"author": "Chris Davison", "content": "We need to setting up, special isolation buildings, equipted with respirators. Now", "score": "0", "time": "2020-03-03T15:21:21.000Z"}, {"author": "Chris Davison", "content": "We need to setting up, special isolation buildings, equipted with respirators. Now", "score": "0", "time": "2020-03-03T15:21:21.000Z"}, {"author": "Chris Davison", "content": "We need to setting up, special isolation buildings, equipted with respirators. Now", "score": "0", "time": "2020-03-03T15:21:21.000Z"}, {"author": "Chris Davison", "content": "We need to setting up, special isolation buildings, equipted with respirators. Now", "score": "0", "time": "2020-03-03T15:21:21.000Z"}, {"author": "Chris Davison", "content": "We need to setting up, special isolation buildings, equipted with respirators. Now", "score": "0", "time": "2020-03-03T15:21:21.000Z"}, {"author": "down under", "content": "THIS WOULD HAVE TO BE ONE OF THE MOST SICKENING EXAMPLES OF THE WHO SYCOPHANTIC DIALOGUES ON  CHINA  I HAVE EVER SEEN. DONT WASTE YOU TIME ON WATCHING THIS, IT GIVES NO REAL INFOMATION ON THE VIRUS EXCEPT TO STATE IT WAS LUCKY IT STARTED IN CHINA, AND HOW FANTASTIC THE CCP IS.", "score": "0", "time": "2020-03-03T14:09:13.000Z"}, {"author": "Anthony Rodriguez", "content": "Can I get a drink of a Corona", "score": "0", "time": "2020-03-03T08:24:09.000Z"}, {"author": "Seth Pomeroy", "content": "The WHO is no longer a reputable organization. They are only a CCP propaganda wing.", "score": "0", "time": "2020-03-02T21:31:34.000Z"}, {"author": "Mapoleng Ndengwa", "content": "\ud83e\udd23\ud83d\ude02\ud83e\udd23\ud83d\ude02\ud83e\udd23\ud83d\ude02\ud83e\udd23\ud83d\ude02\ud83e\udd23\ud83d\ude02\ud83e\udd23", "score": "0", "time": "2020-03-02T20:48:42.000Z"}, {"author": "Gemini\u2019s Wayward bound", "content": "We\u2019re done, hope you\u2019ll  had a great life \ud83d\ude00\ud83d\ude4f\ud83c\udffc to the world we need them", "score": "1", "time": "2020-03-02T08:55:25.000Z"}, {"author": "Gary Simone", "content": "Th\u00ease guys are scary get to the point  already", "score": "0", "time": "2020-03-02T04:49:11.000Z"}, {"author": "Aison", "content": "In China, the government is working hard to get people to do virus testing and treatment\uff0cVirus testing, treatment, care, beds, food and ambulances are all free\uff0cThe patient pays zero for it\uff0cEven more incredible, after the Chinese shiyan city people fever\uff0cIf they take the initiative to do a virus test\uff0cNot only do they not have to pay, the government also rewards them with 1,000 \u00a5\uff0cIn Qianjiang, China, people will get a reward of 10,000 \u00a5 if they report a fever case to the government.....Very proactive\uff01But in contrast...Many countries are not actively testing for the virus\uff0cIt is difficult for patients to apply for testing qualification\uff0cTesting costs are also very expensive....In this situation, it is inevitable that a large number of people will not be detected.There are many signs that they are doing it on purpose.There will be no confirmed cases without testing\uff0cThe epidemic is not serious without a confirmed case\uff0cGovernments do n\u2019t have to block cities to isolate viruses\uff0cSo the economy and stocks will not collapse\uff0cCapitalists will be very happy..Even if people get a new virus and die, they are considered to have died from the flu..Capital is the boss in the capitalist countries.The interest of capital always prevails\uff0cThe life and health of ordinary people is not important.", "score": "0", "time": "2020-03-02T02:36:48.000Z"}, {"author": "Ben Gunn", "content": "We're in the internet age - this incompetence is being recorded for all of time.", "score": "8", "time": "2020-02-27T12:45:54.000Z"}, {"author": "G Mac", "content": "Those who are puzzled over all the negative attitudes towards China, we have to remember that the fear is really about 5G, Huawei, and Communism in a  time where the US has Bernie Sanders and the UK just had Brexit. Politics is driving this hatred so I don't think it's really racism. China's communist \"success\" is very threatening to some groups. Don't let the nay sayers get to you. When this virus brings the rest of the world to it's knees, they will see and be impressed with what it means to overcome this challenge.", "score": "3", "time": "2020-02-27T04:46:44.000Z"}, {"author": "sv1201", "content": "Why wasn't he put in quarantine after returning from China? Why is he not wearing a mask?", "score": "0", "time": "2020-02-27T04:13:00.000Z"}, {"author": "Thor Haakon Sandberg", "content": "CHINA: Great beast nr nine = 666. \n-------------------------------------------------------\nCoronavirus (China): Beast nr nine = 1776.\nCoronavirus: Dark Thor Haakon = 1776. \nViruses of dark angel Thor Haakon = 1776. \n\nXI JINPING (CHINA): Dark Beast Thor Haakon = 1776.\n----------------------------------------------------------\nUN SNAKE: King nr nine = 666. \nDont hide from king nr nine = 666.", "score": "0", "time": "2020-02-27T00:47:57.000Z"}, {"author": "Kotono Hayama", "content": "People are really afraid, especially in europe since their governments are usually left and huge fans of a policy of open borders. :<", "score": "2", "time": "2020-02-26T22:29:58.000Z"}, {"author": "mick park", "content": "A spin doctor with a tell", "score": "0", "time": "2020-02-26T19:53:19.000Z"}, {"author": "sandra burke", "content": "Where? Where? WHERE DO YOU BUY MORE TIME? I WISH TO KNOW!!", "score": "0", "time": "2020-02-26T17:36:31.000Z"}, {"author": "sandra burke", "content": "They SPEND MORE TIME WITH Introductions & Thank yous then telling us the Information.\n****FORGET THE FORMALITIES ALREADY****", "score": "8", "time": "2020-02-26T17:35:40.000Z"}, {"author": "Lost Planet need be free", "content": "We have been threatened& harassedon utube, on lots of channels for 3 yrs,..in lots of languages mostly English & Russian..& harassed by World leaders 4yrs, still going on.. Everyday.. Threats, inappropriate content, prn, etc..we even have threat harass playlist! Check it out\nLots deleted recently\nEven Chinese threatened us before corona outbreak! \nThese terrorists wanted to get us sick with corona virus!! They destroyed our health.!. We hardly have proper teeth!! They attack us EVERY WHERE!!", "score": "0", "time": "2020-02-26T15:39:59.000Z"}, {"author": "Lost Planet need be free", "content": "Corona outbreak is DISTRACTION for WORLD LEADER CYBERSTALKING MESS IN IRAN !! These horrible politicians got people sick on purpose!! How come nothing in Russia?! Ir,my father, & his Russian Iranian drug dealer trafficking terrorist gang in Iran, put our lives In  danger to get STUFF from rich famous powerful ALL over the World\ud83c\udf0f..Trump Obama,Putin started with ir,UN included!! Muslim & non Muslim involved!! Shameful", "score": "0", "time": "2020-02-26T15:37:49.000Z"}, {"author": "Joey Hodapp", "content": "His graphs haha i think when he starts to lose track of what he is talking bout he refers to his graphs... uh uh uh look at this chart here", "score": "0", "time": "2020-02-26T15:28:45.000Z"}, {"author": "kidd villa-pal", "content": "Looks like this guy just got released from a quarantine.", "score": "0", "time": "2020-02-26T14:39:31.000Z"}, {"author": "zhmz888", "content": "I am proud that humanity come in to shape of today when WHO is trying to spread the message and experience to the rest of world..and help those who need...", "score": "2", "time": "2020-02-26T14:04:21.000Z"}, {"author": "Liz Gichora", "content": "Thank you very much.", "score": "0", "time": "2020-02-26T13:58:21.000Z"}, {"author": "cock blocker", "content": "WHY WERE ALL MY COMMENTS FROM YESTERDAY REMOVED???", "score": "0", "time": "2020-02-26T13:30:00.000Z"}, {"author": "Andrew K Fletcher", "content": "14:40 the people behind those welded doors are not being cooperative, they are being forced into quarantine!", "score": "0", "time": "2020-02-26T13:12:21.000Z"}, {"author": "Kelly Ruivivar", "content": "Why do I feel like he was snowed over - they have all these empty beds? Goes against everything else we have seen - he didn\u2019t see anyone being dragged out of their home because they have a fever? I think they cleaned house for his visit - yes should have visited some crematoriums for sure", "score": "0", "time": "2020-02-26T13:08:01.000Z"}, {"author": "John Fuller", "content": "Thank you WHO, we love you and are truly grateful", "score": "1", "time": "2020-02-26T12:04:14.000Z"}, {"author": "Emwee vorster", "content": "China should be hold responsible for any deaths!", "score": "0", "time": "2020-02-26T09:59:12.000Z"}, {"author": "\u54c8\u54c8\u54c8", "content": "Hi, foreign friends, I am a Chinese student. I saw many remarks from those who don' t believe what the spokesman said. I am sorry, but it's true 100%. I am glad that this gentleman told the truth. For those who don't believe China, please go to China and see the Chinese society in person and then judge by yourself.and you will find the news from western media is mostly wrong and misleading.", "score": "11", "time": "2020-02-26T09:00:56.000Z"}, {"author": "bigman806", "content": "Why was he not allowed to continue", "score": "0", "time": "2020-02-26T08:47:22.000Z"}, {"author": "Joan Aggas", "content": "Thanks communists! You murdered 200 million people last century and now you're going for more mass death! When will the communist CURSE leave this Earth?", "score": "0", "time": "2020-02-26T07:19:56.000Z"}, {"author": "Ben Coles", "content": "Good job China. Good job United Nations team.", "score": "8", "time": "2020-02-26T07:02:12.000Z"}, {"author": "Mr2TIMOTHY4V2", "content": "WHY IS THERE A LINK REFERENCED 2019/08/06 in BING SEARCH leading to CDC site stating WUHAN CORONA VIRUS outbreak being monitored. Was this REALLY ALREADY BEING MONITORED IN AUGUST 2019 is that why a coronavirus simulation was already run in Oct 2019??", "score": "3", "time": "2020-02-26T06:33:13.000Z"}, {"author": "Mr2TIMOTHY4V2", "content": "WHY IS THERE A LINK REFERENCED 2019/08/06 in BING SEARCH leading to CDC site stating WUHAN CORONA VIRUS outbreak being monitored. Was this REALLY ALREADY BEING MONITORED IN AUGUST 2019 is that why a coronavirus simulation was already run in Oct 2019??", "score": "1", "time": "2020-02-26T06:33:07.000Z"}, {"author": "Mr2TIMOTHY4V2", "content": "WHY IS THERE A LINK REFERENCED 2019/08/06 in BING SEARCH leading to CDC site stating WUHAN CORONA VIRUS outbreak being monitored. Was this REALLY ALREADY BEING MONITORED IN AUGUST 2019 is that why a coronavirus simulation was already run in Oct 2019??", "score": "0", "time": "2020-02-26T06:33:02.000Z"}, {"author": "Mr2TIMOTHY4V2", "content": "WHY IS THERE A LINK REFERENCED 2019/08/06 in BING SEARCH leading to CDC site stating WUHAN CORONA VIRUS outbreak being monitored. Was this REALLY ALREADY BEING MONITORED IN AUGUST 2019 is that why a coronavirus simulation was already run in Oct 2019??", "score": "0", "time": "2020-02-26T06:32:57.000Z"}, {"author": "Mr2TIMOTHY4V2", "content": "Will the Club of Rome still be kissing their Black Peter Idol  ( aka Jupiter aka Satan) now that the virus is headed their way????", "score": "1", "time": "2020-02-26T06:31:38.000Z"}, {"author": "Mr2TIMOTHY4V2", "content": "Shame on you UN for having head honcho Marxist Teddy helping out in the  flattery Chinese communism", "score": "0", "time": "2020-02-26T06:30:26.000Z"}, {"author": "Mr2TIMOTHY4V2", "content": "WHO = Wuhan Hidden Outbreak", "score": "1", "time": "2020-02-26T06:29:08.000Z"}, {"author": "Mr2TIMOTHY4V2", "content": "Doctor Bruce do you have a pig human hybrid brain transplant since you seem to be rolling around in the mud of lies?\nWhy is Teddy so quiet on the pigs that were destroyed in China prior to this outbreak is he still eating his bacon and eggs in his Geneva hotel ?\n\"Meat from pigs infected with the new H1N1 virus shouldn't be used for human\nconsumption, the World Health Organization cautioned on Wednesday, adding it was\ndrawing up guidelines to protect workers handling pigs\"  2009 WHO. So what have they been doing for the last 11 years or so?", "score": "0", "time": "2020-02-26T06:28:54.000Z"}, {"author": "Philip Cheung", "content": "WHO where when what how?", "score": "0", "time": "2020-02-26T06:16:49.000Z"}, {"author": "Jesse Fang", "content": "Thank you Doctor Aylward for your expertise epidemiology investigation.\nfind in United Nation website: A Canadian physician and epidemiologist by training, Dr Aylward is the author of over 100 peer-reviewed scientific articles and book chapters. He received his medical training in Canada, the London School of Hygiene and Tropical Medicine and the Johns Hopkins School of Public Health.", "score": "1", "time": "2020-02-26T05:58:43.000Z"}, {"author": "Kerinski", "content": "Why do I get the feeling he's sugarcoating this?", "score": "0", "time": "2020-02-26T04:40:24.000Z"}, {"author": "Haneoo Hamoan", "content": "A lot of hate in these comments... \ud83d\udc4e\ud83c\udffe\ud83d\udc4e\ud83c\udffe", "score": "2", "time": "2020-02-26T04:21:21.000Z"}, {"author": "NBaimf", "content": "U.N. And W.H.O. And all forms of the destructive global government need to step down and stop attacting Humanity.", "score": "3", "time": "2020-02-26T03:27:45.000Z"}, {"author": "Kim Fenech", "content": "Your comments. Why are you all so mean? That\u2019s for those leaving messages.", "score": "5", "time": "2020-02-26T02:18:42.000Z"}, {"author": "Justin Liu", "content": "Thank you United Nations!", "score": "7", "time": "2020-02-26T02:17:22.000Z"}, {"author": "Jason Rexter", "content": "WHO at this point of time are a bad joke take nothing they say seriously they are more of a problem than help in fighting this disease.", "score": "4", "time": "2020-02-26T01:53:52.000Z"}, {"author": "Sheeple are Lame", "content": "The hypocrisy of UN \"pretending\" to care about 1 virus, while millions of people die every year, for being too poor to pay for healthcare is nauseating <<< NWO PUPPETS", "score": "1", "time": "2020-02-26T01:35:46.000Z"}, {"author": "Izat Yassin", "content": "Apparently they are burning people alive now. I dont know if its true but\n\n\nhttps://www.youtube.com/watch?v=Et5cUowd25o", "score": "0", "time": "2020-02-26T01:30:08.000Z"}, {"author": "The Missing Piece", "content": "As an audio professional please clean the feedback loop up its not professional and shows disorganised production and your crew should be embarrassed it's an easy fix. I am very thankful for the bright minds at work here but this is impacting the flow of your team and presentations of findings each and every day", "score": "4", "time": "2020-02-25T23:34:17.000Z"}, {"author": "JeepCherokeeful", "content": "First question is from CGTN? How fitting", "score": "1", "time": "2020-02-25T23:16:29.000Z"}, {"author": "JeepCherokeeful", "content": "Good, with him and her getting treated in China that will free up two beds for the rest of us. Thanks!", "score": "0", "time": "2020-02-25T23:13:04.000Z"}, {"author": "Teresa Baker", "content": "You can make apology \"sorry, my hand may\"  \"excuse my hand may not be clean enough\"", "score": "0", "time": "2020-02-25T23:12:33.000Z"}, {"author": "JeepCherokeeful", "content": "Hope to see you on a weekly basis for a worldwide update", "score": "0", "time": "2020-02-25T23:10:40.000Z"}, {"author": "Teresa Baker", "content": "Bring a damp cloth to sanitizer or wash", "score": "0", "time": "2020-02-25T23:10:10.000Z"}, {"author": "Teresa Baker", "content": "Hand sanitizer", "score": "0", "time": "2020-02-25T23:09:37.000Z"}, {"author": "Teresa Baker", "content": "Hand wash", "score": "0", "time": "2020-02-25T23:09:24.000Z"}, {"author": "Teresa Baker", "content": "Easy to clean", "score": "0", "time": "2020-02-25T23:09:09.000Z"}, {"author": "Teresa Baker", "content": "You know when you have used your hand", "score": "0", "time": "2020-02-25T23:08:56.000Z"}, {"author": "Teresa Baker", "content": "*Not clothing*", "score": "0", "time": "2020-02-25T23:08:24.000Z"}, {"author": "JeepCherokeeful", "content": "320,000 tested, wow they must have amazing lab capacity!", "score": "3", "time": "2020-02-25T23:08:11.000Z"}, {"author": "Teresa Baker", "content": "*Hand :coughing and or sneezing *", "score": "0", "time": "2020-02-25T23:08:06.000Z"}, {"author": "JeepCherokeeful", "content": "His guy would buy oceanfront property in Arizona", "score": "5", "time": "2020-02-25T22:58:47.000Z"}, {"author": "JeepCherokeeful", "content": "Ventilators aren\u2019t delivered in carry on luggage", "score": "0", "time": "2020-02-25T22:53:30.000Z"}, {"author": "JeepCherokeeful", "content": "Oh sars, such an example", "score": "0", "time": "2020-02-25T22:45:46.000Z"}, {"author": "JeepCherokeeful", "content": "Visiting a crematorium in Wuhan might have been enlightening", "score": "7", "time": "2020-02-25T22:40:53.000Z"}, {"author": "JeepCherokeeful", "content": "Starvation is definitely effective", "score": "1", "time": "2020-02-25T22:36:35.000Z"}, {"author": "77Big7WiN5neR22", "content": "biological weapon", "score": "3", "time": "2020-02-25T22:34:54.000Z"}, {"author": "David Motyka", "content": "It\u2019s spreading and no one can stop it.", "score": "5", "time": "2020-02-25T22:25:44.000Z"}, {"author": "ace edwards", "content": "Felt so much better listening to this Expert. Seemed human, warm, open and knowledgeable a are far cry from the constant \" window of opportunity\" vague nonsense from Dr Tedros.", "score": "0", "time": "2020-02-25T22:09:48.000Z"}, {"author": "Ace J", "content": "WHO is one of China government departments. Joke and funny.", "score": "7", "time": "2020-02-25T22:07:08.000Z"}, {"author": "phani sastry", "content": "Shame to see you addressing on global stage. Horrible guys", "score": "0", "time": "2020-02-25T21:33:06.000Z"}, {"author": "Kimberly Barnum", "content": "Tedros Must RESIGN immediately!!!!!!!!!", "score": "4", "time": "2020-02-25T21:32:57.000Z"}, {"author": "phani sastry", "content": "Lier's and characterless  bunch of joker's are these WHO  guys", "score": "11", "time": "2020-02-25T21:31:58.000Z"}, {"author": "DJS Squibbs", "content": "\ud83d\ude44", "score": "0", "time": "2020-02-25T21:17:09.000Z"}, {"author": "LeLocle", "content": "Tedros must resign!  Add you name to the petition at \"Change dot o r g\".", "score": "8", "time": "2020-02-25T21:15:18.000Z"}, {"author": "Teresa Baker", "content": "So you Spanish prostitutes from Rome and the homosexual goal", "score": "0", "time": "2020-02-25T20:15:24.000Z"}, {"author": "Teresa Baker", "content": "That is to complex to try to communicate!!", "score": "0", "time": "2020-02-25T20:12:46.000Z"}, {"author": "Teresa Baker", "content": "The possible addition bait or pellets after considering because of fleas rodent ect in walls", "score": "1", "time": "2020-02-25T20:12:04.000Z"}, {"author": "Teresa Baker", "content": "The costs the availability the ability to produce while the world tries to contain this FOOLS!", "score": "0", "time": "2020-02-25T20:10:12.000Z"}, {"author": "Rain Dance", "content": "And I thought I would play Bannerlord", "score": "0", "time": "2020-02-25T20:08:32.000Z"}, {"author": "Teresa Baker", "content": "The shortages of mask is why the comments. Surgical mask", "score": "0", "time": "2020-02-25T20:08:25.000Z"}, {"author": "Dan Smith", "content": "Thanks for deleting my comment, didn\u2019t know I was living in China!", "score": "5", "time": "2020-02-25T20:05:15.000Z"}, {"author": "Rune Jensen", "content": "And he laughs when he lies \"And the hospitals are actually modern hospitals\" hEhEhE. Modern hospital in a week, and here they take 5 years. wow gosh, how crazy how good they must be.", "score": "20", "time": "2020-02-25T20:04:07.000Z"}, {"author": "peter Fonnesbech", "content": "\" Just continue to travel and trade\". (That is the best way to spread the decease). \nWrong advice from the beginning . \nHow could you !", "score": "24", "time": "2020-02-25T19:55:46.000Z"}, {"author": "Rune Jensen", "content": "and you got pictures/videos which you will share right?", "score": "6", "time": "2020-02-25T19:44:32.000Z"}]}